petition_id,year,date,topic,topic_detail,named_petrs,subscribers,petition_type,petition_gender,sub_gender,petitioner,request,addressee,repository,collection,reference
1,1600,,tax,office/customs,1,,single,m,,Thomas Watkyns,office punishment/mercy,Privy Council,The National Archives,SP 12,SP 12/274 f. 85
2,1600,,tax,office/taxes,1,,single,m,,"Samuel Aylmer, esquire",financial mercy,Chancellor of the Exchequer,The National Archives,SP 46,SP 46/42 f. 36
3,1600,,church,church/sequestration,1,,single,f,,Elizabeth Wentworth,church sequestration,Secretary of State,The National Archives,SP 46,SP 46/42 f. 61
4,1601,,crime,crime,1,,single,m,,Garter Principal King-of-Arms,crime punishment,Privy Council,The National Archives,SP 12,SP 12/279 f. 181
5,1601,,trade,trade/victualling,2,,multiple,m,,"William Nutte, William Dugdale and others, poor inhabitants and victuallers of Westminster",regulatory mercy,Secretary of State,The National Archives,SP 12,SP 12/281 unfol.
6,1601,December 1601,crime,crime,1,,single,f,,Jane Daniell,financial mercy,Privy Council,The National Archives,SP 12,SP 12/283 f. 40
7,1601,,tax,office/taxes,1,,single,m,,"Richard Nicoll of Mylespit, high collector of the subsidy granted to her majesty in the hundreds of Gore and Edmonton",financial/office mercy,Chancellor of the Exchequer,The National Archives,SP 46,SP 46/42 f. 106
8,1602,March 1602,crime,crime/treason,1,,single,m,,"Edward Hall, prisoner in the Gatehouse at Westminster",crime mercy,Attorney General,The National Archives,SP 12,SP 12/283a f. 100
9,1602,,crime,crime,1,,single,f,,Jane Daniel,financial mercy,monarch,The National Archives,SP 12,SP 12/283a f. 43
10,1602,,crime,crime,1,,single,f,,Jane Daniell,financial mercy,monarch,The National Archives,SP 12,SP 12/285 f. 46
11,1602,,crime,crime,1,,single,f,,Jane Daniell,financial mercy,Lord Treasurer,The National Archives,SP 46,SP 46/55 f. 129
12,1603,,crime,crime/enclosure,1,,single,m,,Henry Dobby,crime punishment,Lord Treasurer,The National Archives,SP 46,SP 46/42 f. 234
13,1603,,crime,crime,1,,single,f,,Jane Daniell,financial mercy,Lord Keeper of the Great Seal,The National Archives,SP 46,SP 46/55 f. 218
14,1603,,crime,crime,1,,single,m,,"John Daniell, prisoner in the Fleet",financial mercy,Lord Treasurer,The National Archives,SP 46,SP 46/55 f. 228
15,1603,,crime,crime,1,,single,m,,"John Daniell, prisoner in the Fleet",financial mercy,Lord Keeper of the Great Seal,The National Archives,SP 46,SP 46/55 f. 232
16,1604,,crime,crime,1,,single,f,,"Jane Daniell, wife of John Daniell",financial mercy,monarch,The National Archives,SP 14,SP 14/6 f. 149
17,1604,5 April 1604,crime,crime/treason,1,,single,m,,William Udall,crime mercy,Secretary of State,The National Archives,SP 14,SP 14/7 f. 20
18,1604,,other royal office,office/park,1,,single,m,,"Sir John Cuttes, knight",office appointment,monarch,The National Archives,SP 14,SP 14/7 f. 293
19,1604,,other royal office,office/exchequer,1,,single,m,,"Sir Henry Fanshawe, knight",office appointment,monarch,The National Archives,SP 14,SP 14/8 f. 192
20,1605,,trade,trade/Spain,,,collective,,,The merchants trading for Malaga in Spain,crime punishment,monarch,The National Archives,SP 14,SP 14/12 f. 105
21,1605,,church,office/church,2,,multiple,m,,"Robert Wright and William Barker, treasurer and chancellor of the cathedral church of St Andrews in Wells",church officeholding,monarch,The National Archives,SP 14,SP 14/12 f. 164
22,1605,,trade,trade/retail,1,,single,f,,"Marie Hills, widow of Gabriell Hills",licence grant,Secretary of State,The National Archives,SP 14,SP 14/12 f. 167
23,1605,,other royal office,office/DuchyOfCornwall,1,,single,m,,John Norden,office appointment,monarch,The National Archives,SP 14,SP 14/12 f. 6
24,1606,,land,land/fens,,,collective,,,The inhabitants of the towns on the west side of Cambridgeshire bordering the river Ouse,improvement exemption,unknown,The National Archives,SP 14,SP 14/18 f. 154
25,1606,,tax,office/customs,,,collective,,,The customs officers in the port of London,office renumeration,monarch,The National Archives,SP 14,SP 14/18 f. 194
26,1606,,trade,trade/coals,2,,multiple,m,,"George Selby, knight, and Henry Chapman, MPs for Newcastle upon Tyne",statute oppose,Secretary of State,The National Archives,SP 14,SP 14/18 f. 78
27,1606,,trade,trade/cloth,,,collective,,,The poor of the Company of Clothworkers,statute support,Secretary of State,The National Archives,SP 14,SP 14/20 f. 26
28,1607,,trade,trade/Spain,,,collective,,,The merchants of England most intolerably vexed with the Spanish cruelties,licence grant,monarch,The National Archives,SP 14,SP 14/26 f. 127
29,1607,,trade,trade/cloth,,,collective,,,The foreign merchants trading in this realm,duty oppose,Privy Council,The National Archives,SP 14,SP 14/26 f. 13
30,1607,,trade,trade/Spain,2,,multiple,m,,"William Freeman, Robert Brooke and company merchants",diplomacy aid,Secretary of State,The National Archives,SP 14,SP 14/26 f. 132
31,1607,,other royal office,office/CouncilOfWales,1,,single,m,,"Sir Fulk Grevill, knight",office renumeration,monarch,The National Archives,SP 14,SP 14/28 f. 26
32,1608,,other royal office,office/CityOfLondon,1,,single,m,,"Sir William Irvinge, knight",office renumeration,monarch,The National Archives,SP 14,SP 14/31 f. 139
33,1608,,land,land/tenancy,1,,single,m,,William Mosse,tenancy maintain,Lord Treasurer,The National Archives,SP 14,SP 14/34 f. 95
34,1608,,land,land/tenancy,1,,single,m,,William Morse,tenancy maintain,Commissioners for Leases,The National Archives,SP 14,SP 14/34 f. 96
35,1608,,trade,trade/cloth,1,,single,m,,Daniell Brames,duty oppose,Secretary of State,The National Archives,SP 14,SP 14/35 f. 45
36,1609,,land,land,1,,single,m,,"Francis Galbreth, serjeant of his majesty's pantry",land grant,Secretary of State,The National Archives,SP 14,SP 14/43 f. 14
37,1609,,land,land,1,,single,f,,"Marey Carliell, widow of Christopher Carliell, governor of Nocfergus in Ireland",land grant,Secretary of State,The National Archives,SP 14,SP 14/43 f. 47
38,1609,,land,land/tenancy,1,,single,m,,"William Coombe of Dorset, shoemaker",tenancy maintain,Secretary of State,The National Archives,SP 14,SP 14/43 f. 65
39,1609,,trade,trade/fishing,,89,collective,,m,The poor fishermen of the cinque ports and other haven towns in England,duty impose,monarch,The National Archives,SP 14,SP 14/45 f. 31
40,1610,,land,land/office,,37,collective,,m,"The tenants, farmers and inhabitants of the king's manor of King's Norton, Worcestershire",office replace,monarch,The National Archives,SP 14,SP 14/52 f. 30
41,1610,,crime,crime,1,,single,m,,"John Daniell, esquire",financial mercy,Chief Baron of the Exchequer,The National Archives,SP 14,SP 14/52 f. 43
42,1610,,land,land,,,collective,,,"The bailiffs, burgers and commonalty of Tewkesbury",bond exemption,Secretary of State,The National Archives,SP 14,SP 14/53 f. 61
43,1610,,other royal office,office/sheriff,1,,single,m,,"Sir Richard Assheton, late sheriff of Lancashire",financial mercy,Secretary of State,The National Archives,SP 14,SP 14/53 f. 81
44,1611,,other royal office,office/alienations,1,,single,m,,"Thomas Fortescue, esquire",office renumeration,Secretary of State,The National Archives,SP 14,SP 14/61 f. 107
45,1611,,land,land/tenancy,2,,multiple,m,,"Robert Swinglehurst, John Proctor and other tenants of the crown, of the manor of Sladburne, Yorkshire",tenancy maintain,Secretary of State,The National Archives,SP 14,SP 14/61 f. 128
46,1611,,other royal office,office/woods,1,,single,m,,Sir Robert Stewart,financial grant,monarch,The National Archives,SP 14,SP 14/61 f. 192
47,1611,,crime,crime/StarChamber,1,,single,m,,Sir Anthony Ashley,crime mercy,Secretary of State,The National Archives,SP 14,SP 14/61 f. 81
48,1612,,other royal office,office/leather,1,,single,f,,"Agnes Appleby, widow of Robert Appleby",office appointment,Secretary of State,The National Archives,SP 14,SP 14/68 f. 185
49,1612,,infrastructure,infrastructure/bridge,,,collective,,,"The mayor, bailiffs and burgesses of the borough of Berwick upon Tweed",financial grant,Secretary of State,The National Archives,SP 14,SP 14/68 f. 29
50,1612,,land,land/wardship,1,,single,m,,"Robert Meverell, esquire",land maintain,Secretary of State,The National Archives,SP 14,SP 14/68 f. 72
51,1612,1 June 1612,crime,crime,1,,single,m,,"Thomas Wilson, clerk, keeper of the king's records",crime punishment,monarch,The National Archives,SP 14,SP 14/69 f. 105
52,1613,,other royal office,office/PrivySeal,1,,single,m,,The clerk of the signet and the privy seal,office renumeration,monarch,The National Archives,SP 14,SP 14/72 f. 11
53,1613,,military,office/crossbow-making,1,,single,m,,Roger Bassett,office appointment,monarch,The National Archives,SP 14,SP 14/72 f. 184
54,1613,,other royal office,office/park,2,,multiple,m,,"George Brabant and Richard Dighton, keepers of the East and West parks of Branspeth, co. Durham",office maintain,Lord Chamberlain,The National Archives,SP 14,SP 14/75 f. 50
55,1613,,land,land/debt,1,,single,m,,David Dromounde,financial grant,monarch,The National Archives,SP 14,SP 14/75 f. 92
56,1614,,crime,crime/church,1,,single,m,,"Julius Watson of Congeston, Leicestershire, clerk",crime mercy,bishop,The National Archives,SP 14,SP 14/77 f. 15
57,1614,,crime,crime/church,1,,single,m,,"Samuell Willingham, clerk, parson of Stayn, Lincolnshire",crime mercy,Lord Chief Baron,The National Archives,SP 14,SP 14/77 f. 29
58,1614,,lawsuit,law/debt,1,,single,m,,Robert Lathorpe,debt arbitration,Lord Chamberlain,The National Archives,SP 14,SP 14/78 f. 164
59,1615,,trade,trade/cloth,,,collective,,,The ancient Company of Merchant Adventurers,licence grant,Privy Council,The National Archives,SP 14,SP 14/80 f. 172
60,1615,,trade,trade/cloth,,46,collective,,m,Members of the old Merchant Adventurers Company who have joined the new Company,licence grant,Privy Council,The National Archives,SP 14,SP 14/80 f. 201
61,1615,,military,mining/pension,1,,single,m,,"Thomas Chaloner, gentleman",financial grant,Privy Council,The National Archives,SP 14,SP 14/80 f. 59
62,1615,,lawsuit,law/debt,1,,single,m,,"Martyn Lumley, citizen and alderman of London",debt arbitration,Lord Chamberlain,The National Archives,SP 14,SP 14/81 f. 25
63,1616,,lawsuit,law,1,,single,m,,Thomas Mullins,law arbitration,Master of the Rolls,The National Archives,SP 14,SP 14/86 f. 108
64,1616,,trade,trade/shipwreck,2,,multiple,m,,"Andrew Rand and John Rand of Deal, mariners",financial arbitration,Lord Warden of the Cinque Ports,The National Archives,SP 14,SP 14/86 f. 125
65,1616,,other royal office,office/porter,1,,single,m,,"Robert Godfrey, son of William Godfrey, late porter of the castle of Dover",office grant,Lord Warden of the Cinque Ports,The National Archives,SP 14,SP 14/86 f. 24
66,1616,,trade,trade/cloth,,,collective,,,The Company of Merchant Adventurers of the new trade of London,charter maintain,Privy Council,The National Archives,SP 14,SP 14/86 f. 75
67,1617,,lawsuit,law/Chancery,1,,single,m,,"John Clavell, esquire",law mercy,Master of the Rolls,The National Archives,SP 14,SP 14/90 f. 120
68,1617,,crime,crime,1,,single,m,,Mathew Poker,crime mercy,Lord Warden of the Cinque Ports,The National Archives,SP 14,SP 14/90 f. 16
69,1617,,land,land,1,,single,m,,Henry Gibbe,land grant,monarch,The National Archives,SP 14,SP 14/90 f. 222
70,1617,,crime,crime,3,,multiple  on behalf,fm,,"Margerye Bredgate and Elizabeth Poker, grandmother and mother of Mathew Poker",crime mercy,Lord Warden of the Cinque Ports,The National Archives,SP 14,SP 14/90 f. 74
71,1618,,church,office/church,1,,single,m,,"John Folkingham, preacher at Burton upon Trent",office grant,monarch,The National Archives,SP 14,SP 14/95 f. 125
72,1618,,crime,crime,1,,single,m,,Thomas Napleton of Feversham,crime mercy,Lord Warden of the Cinque Ports,The National Archives,SP 14,SP 14/96 f. 165
73,1618,,trade,trade/LowCountries,,,collective,,,The fellowship of Merchant Adventurers,licence grant,monarch,The National Archives,SP 14,SP 14/96 f. 97
74,1618,,crime,crime,1,,single,m,,William Brereton,financial mercy,Lord Treasurer,The National Archives,SP 46,SP 46/70 f. 164
75,1619,,crime,crime/fire,1,,single,m,,"David Sampson, a poor labourer and now prisoner in the Marshalsea",crime mercy,Privy Council,The National Archives,SP 14,SP 14/105 f. 104
76,1619,,trade,trade/glassmaking,1,,single,m,,Paule Vinion,licence grant,monarch,The National Archives,SP 14,SP 14/105 f. 25
77,1619,,trade,trade/taxation,,,collective,,,The Eastland merchants,assessment mitigation,Privy Council,The National Archives,SP 14,SP 14/105 f. 54
78,1619,,infrastructure,infrastructure/CommissionOfSewers,,27,collective,,m,The Commissioners of Sewers for Cambridge and Ely,jurisdiction grant,Privy Council,The National Archives,SP 14,SP 14/105 f. 72
79,1620,,crime,crime/libel,1,,single,m,,"John Edwardes, esquire, now prisoner in the Marshalsea",crime mercy,Privy Council,The National Archives,SP 14,SP 14/112 f. 11
80,1620,,trade,trade/cloth,,,collective,,,The drapers of Shrewsbury and Oswestry,licence grant,Privy Council,The National Archives,SP 14,SP 14/112 f. 72
81,1620,,tax,tax/poor,1,,single,m,,"John Thorneton of Lydd, yeoman",law arbitration,Lord Warden of the Cinque Ports,The National Archives,SP 14,SP 14/112 f. 80
82,1620,,trade,office/hops,1,,single,m,,"Phillip Jones, citizen and merchant of London",office grant,monarch,The National Archives,SP 14,SP 14/112 f. 88
83,1621,,lawsuit,law/CinquePorts,1,,single,m,,"Edward Harwaid, lately a poor prisoner in the town and port of Heith",law mercy,Lord Warden of the Cinque Ports,The National Archives,SP 14,SP 14/119 f. 129
84,1621,,church,church/taxation,,,collective,,,The attendants of his majesty's chapel,tax exemption,Lord Chamberlain,The National Archives,SP 14,SP 14/119 f. 273
85,1621,,trade,trade/printing,1,,single,m,,"John Dawson, citizen and stationer of London",licence grant,Archbishop of Canterbury,The National Archives,SP 14,SP 14/119 f. 68
86,1621,,crime,crime/speech,1,,single,m,,Giles Waters,crime mercy,Lord Warden of the Cinque Ports,The National Archives,SP 14,SP 14/119 f. 97
87,1622,,trade,trade/leather,,,collective,,,The leatherdressers of the borough of Southwark,apprenticeship impose,Solicitor General,The National Archives,SP 14,SP 14/127 f. 30
88,1622,,lawsuit,law/CinquePorts,1,,single,f,,"The Lady Mary Buckley, widow",law punishment,Lord Warden of the Cinque Ports,The National Archives,SP 14,SP 14/127 f. 75
89,1622,,lawsuit,law/CinquePorts,1,,single,m,,John Houlter,law punishment,Lord Warden of the Cinque Ports,The National Archives,SP 14,SP 14/127 f. 89
90,1622,,lawsuit,law/StarChamber,1,,single,m,,"Thomas Jenman, a poor and distressed copyholder of the manor of Hartly Mawditt, co. Southampton",law mercy,Lord Warden of the Cinque Ports,The National Archives,SP 14,SP 14/127 f. 90
91,1623,,trade,trade/coastal,4,,multiple,m,,"William Andrew, John Carnaby, John Martin and Thomas Muninge, mariners",licence grant,Privy Council,The National Archives,SP 14,SP 14/138 f. 103
92,1623,February 1622/3,other royal office,office/GreenWax,1,,single,m,,Edward Nicholas,office grant,Prince of Wales,The National Archives,SP 14,SP 14/138 f. 182
93,1623,,crime,crime/theft,2,,multiple,m,,Hugo Vanmerof and Jacob de the Wryter,crime mercy,Privy Council,The National Archives,SP 14,SP 14/138 f. 2
94,1623,,diplomacy/travel,travel,1,,single,f,,Dame Katharine Mompesson,licence grant,monarch,The National Archives,SP 14,SP 14/138 f. 76
95,1624,,church,church/office,1,,single,m,,"Raphe Farmer, one of the gentleman of the royal chapel",office maintain,monarch,The National Archives,SP 14,SP 14/158 f. 15
96,1624,,other royal office,office/law,1,,single,m,,"Thomas Austyn, gentleman",office grant,monarch,The National Archives,SP 14,SP 14/158 f. 97
97,1624,,church,church/pluralism,1,,single,m,,"John Hanmer, bishop nominate of St Asaph",licence grant,monarch,The National Archives,SP 14,SP 14/159 f. 2
98,1624,,lawsuit,debt/royal,1,,single,m,,"Arthur Newman, prisoner at the prince's suit",debt mercy,Chancellor to the Prince of Wales,The National Archives,SP 46,SP 46/164 f. 102
99,1625,,crime,crime/piracy,1,,single,m,,"Thomas Bedam, a poor condemned seafaring man",crime mercy,monarch,The National Archives,SP 14,SP 14/181 f. 24
100,1625,,trade,trade/fishing,,,collective,,,The Muscovia Company trading to Greenland,licence grant,Privy Council,The National Archives,SP 14,SP 14/181 f. 87
101,1625,,military,military/wages,,,collective,,,Certain Scottish captains and officers,wages pay,monarch,The National Archives,SP 14,SP 14/182 f. 128
102,1625,,trade,trade/shipping,1,,single,m,,Captain Rychard Gyffard,licence grant,Privy Council,The National Archives,SP 14,SP 14/182 f. 95
103,1626,,tax,debt/customs,1,,single,m,,"Charles Aty, poor distressed prisoner",debt mercy,Privy Council,The National Archives,SP 16,SP 16/18 f. 24
104,1626,,other royal office,office/CinquePorts,,,collective,,,"The barons of the Cinque Ports, two ancient towns and their members",privileges grant,Lord Warden of the Cinque Ports,The National Archives,SP 16,SP 16/18 f. 42
105,1626,9 January 1625/6,diplomacy/travel,diplomacy/mariners,,6,collective,,m,Poor distressed subjects in Dunkarke prison,diplomacy aid,monarch,The National Archives,SP 16,SP 16/18 f. 46
106,1626,,lawsuit,debt,1,,single,m,,"John Pulford, esquire",law arbitration,Privy Council,The National Archives,SP 16,SP 16/523 f. 11
107,1627,,crime,crime/speech,1,,single,m,,"Sir Dudly Diggs, knight, prisoner in the Fleet",crime mercy,Privy Council,The National Archives,SP 16,SP 16/47 f. 10
108,1627,,other royal office,office/CinquePorts,1,,single,m,,Peter Canon,office maintain,Lord Warden of the Cinque Ports,The National Archives,SP 16,SP 16/47 f. 14
109,1627,,military,military/pay,1,,single,m,,"Sir Robert Killigrew, knight, captain of the fort of Pendennis in Cornwall",wages pay,Privy Council,The National Archives,SP 16,SP 16/49 f. 10
110,1627,,military,debt/Admiralty,1,,single,m,,"James Wallace, Scotsman",debt arbitration,monarch,The National Archives,SP 16,SP 16/49 f. 16
111,1628,,other royal office,office/park,1,,single,m,,"John Cooke, esquire, keeper of Hartwell Park in the honour of Grafton",office maintain,royal favourite,The National Archives,SP 16,SP 16/528 f. 17
112,1628,,military,office/military,1,,single,m,,"John Andrewes, gunner",office grant,Lord Warden of the Cinque Ports,The National Archives,SP 16,SP 16/90 f. 117
113,1628,,crime,crime/housing,2,,multiple,m,,"Simeon Fincham and John Dover, prisoners in the Fleet",crime mercy,Privy Council,The National Archives,SP 16,SP 16/90 f. 82
114,1628,,crime,crime/murder,1,,single,m,,William Sneades,crime mercy,monarch,The National Archives,SP 16,SP 16/91 f. 45
115,1629,,trade,shipping/piracy,3,,multiple,m,,"Hugh Perry, Thomas Eyans, John Hide and others",possession grant,Admiralty,The National Archives,SP 16,SP 16/131 f. 13
116,1629,,land,land,1,,single,m,,"Sir Allen Appesley, knight lieutenant of the Tower",financial grant,monarch,The National Archives,SP 16,SP 16/131 f. 4
117,1629,,tax,tax,1,,single,m,,David Ramsey,financial grant,monarch,The National Archives,SP 16,SP 16/131 f. 6
118,1629,,church,church/office,1,,single,m,,"John Thornborough, Bishop of Worcester",privileges grant,Attorney General,The National Archives,SP 16,SP 16/131 f. 7
119,1630,,military,office/shipbuilding,1,,single,m,,"William Romney, carpenter's mate of HM's ship the Adventer",office grant,Admiralty,The National Archives,SP 16,SP 16/158 f. 30
120,1630,,military,office/Admiralty,1,,single,m,,"Thomas Squire, public notary",office grant,Admiralty,The National Archives,SP 16,SP 16/158 f. 37
121,1630,,military,office/navy,1,,single,m,,"Briant Winne, purser of HM's ship the Happie Enterance",office grant,Admiralty,The National Archives,SP 16,SP 16/158 f. 44
122,1630,,military,office/shipbuilding,1,,single,m,,"Thomas Rumny of Chatham, ship's carpenter",office grant,Admiralty,The National Archives,SP 16,SP 16/158 f. 6
123,1631,,church,church/jurisdiction,1,,single,m,,"Sir Richard Graham, knight and baronet",jurisdiction grant,monarch,The National Archives,SP 16,SP 16/182 f. 1
124,1631,,infrastructure,infrastructure/harbours,2,,multiple,m,,"Joseph Harrison and Henry Goodwin, gentleman",office grant,monarch,The National Archives,SP 16,SP 16/182 f. 10
125,1631,,crime,crime,1,,single,f,,"Ellin Charlton, a poor distressed widow",crime mercy,monarch,The National Archives,SP 16,SP 16/182 f. 25b
126,1631,,trade,trade/Moscovy,1,,single,m,,"Sir William Russell, knight and baronet, treasurer of HM's Navy",law arbitration,monarch,The National Archives,SP 16,SP 16/182 f. 50
127,1632,,trade,trade/coals,2,,multiple,m,,"Hugh Morrell and Charles Snelling, merchants",law arbitration,Privy Council,The National Archives,SP 16,SP 16/210 f. 14
128,1632,,crime,crime,1,,single,m,,"Benjamyn Couper, alderman of Great Yarmouth",crime mercy,Privy Council,The National Archives,SP 16,SP 16/210 f. 23
129,1632,,infrastructure,infrastructure/carriage,,,collective,,,The justices of the peace in the county of Berkshire,service exemption,Privy Council,The National Archives,SP 16,SP 16/210 f. 29
130,1632,,trade,trade/tobacco,1,,single,m,,"John Delbridge of Barnestaple, merchant",licence grant,Privy Council,The National Archives,SP 16,SP 16/210 f. 34
131,1633,,military,office/navy,1,,single,m,,Phillip Clarkson,office grant,Admiralty,The National Archives,SP 16,SP 16/231 f. 14
132,1633,,military,office/shipbuilding,1,,single,m,,"John Waterman, carpenter of HM's ship the Mary Rose",office grant,Admiralty,The National Archives,SP 16,SP 16/231 f. 31
133,1633,,land,land/tenancy,1,,single,m,,"Sir Thomas Canon, knight",tenancy maintain,monarch,The National Archives,SP 16,SP 16/231 f. 8
134,1633,,land,land/tenancy,1,,single,m,,"Sir Thomas Canon, knight",tenancy maintain,monarch,The National Archives,SP 16,SP 16/231 f. 9
135,1634,,tax,office/customs,1,,single,m,,Richard King,office grant,Admiralty,The National Archives,SP 16,SP 16/258 f. 13
136,1634,,military,office/navy,1,,single,m,,"William Thomas, purser of HM's ship the Anthelopp",office reimbursement,Admiralty,The National Archives,SP 16,SP 16/258 f. 15
137,1634,January 1633/4,military,office/navy,1,,single,m,,"Charles Hawkins, master and part owner of the Matthew of Ipswich",financial reimbursement,Admiralty,The National Archives,SP 16,SP 16/258 f. 29
138,1634,,crime,crime,1,,single,m,,John Suckliff,financial grant,monarch,The National Archives,SP 16,SP 16/258 f. 42
139,1635,,military,office/navy,1,,single,m,,"John Bridgehampton, master gunner of the Happy Entrance, and the rest of the master gunners of the Navy",privileges grant,Admiralty,The National Archives,SP 16,SP 16/282 f. 14
140,1635,,trade,trade/fishing,1,,single,m,,"Thomas Askew, water bailiff to Sir Dudley Diggs knight for the manor of Feversham",regulatory mercy,Admiralty,The National Archives,SP 16,SP 16/282 f. 57
141,1635,,military,debt/navy,,,collective,,,100 poor creditors,debt arbitration,Lord Keeper of the Great Seal,The National Archives,SP 16,SP 16/282 f. 61
142,1635,January 1634/5,crime,crime/violence,3,,multiple,m,,"Nathaniell Edwardes, William Cane, Robert Seaman and others",crime punishment,monarch,The National Archives,SP 16,SP 16/282 f. 69
143,1636,,diplomacy/travel,office/passports,3,,multiple,fm,,"Milicent Birkenhead, widow, Patrick Crayford and Edward Thorowgood",office maintain,monarch,The National Archives,SP 16,SP 16/311 f. 32
144,1636,,tax,office/ShipMoney,1,,single,m,,"Thomas Chicheley, high sheriff of Cambridgeshire",assessment regulate,monarch,The National Archives,SP 16,SP 16/311 f. 54
145,1636,,crime,crime,1,,single,m,,"John Mesurier of Guernezey, mercer",crime mercy,Privy Council,The National Archives,SP 16,SP 16/536 f. 1
146,1636,,military,debt/navy,4,,multiple,m,,"William Hanson, Henry Austen, James Symonds Thomas Holt, and other creditors of Sir Sampson Darrell",debt arbitration,Privy Council,The National Archives,SP 16,SP 16/536 f. 250
147,1637,,tax,tax/ShipMoney,1,,single,m,,"Phillip, Earl of Chesterfeild",law mercy,Privy Council,The National Archives,SP 16,SP 16/343 f. 12
148,1637,,trade,trade/internal,,,collective,,,The wholesale tradesmen of London who frequent the two annual fairs at Bristol,licence grant,Privy Council,The National Archives,SP 16,SP 16/343 f. 77
149,1637,,tax,tax/ShipMoney,1,,single,m,,William Shelly,law mercy,Privy Council,The National Archives,SP 16,SP 16/343 f. 80
150,1637,,trade,shipping,1,,single,m,,"Thomas Gibbs, prisoner in Dover castle",crime mercy,Lord Treasurer,The National Archives,SP 16,SP 16/343 f. 87
151,1638,,crime,crime/speech,1,,single,m,,"John Dixon of Ipswich, labourer",crime mercy,Secretary of State,The National Archives,SP 16,SP 16/378 f. 15
152,1638,,lawsuit,inheritance/paternity,2,,multiple,fm,,"Robert and Margarett Buckley, distressed children of Sir Richard Buckley of Bewmorris knight deceased",law arbitration,monarch,The National Archives,SP 16,SP 16/378 f. 19
153,1638,,trade,office/tobacco,1,,single,m,,"William Carne, esquire",office maintain,monarch,The National Archives,SP 16,SP 16/378 f. 21
154,1638,,trade,trade/bookselling,1,,single,m,,John Leaver,law mercy,Archbishop of Canterbury,The National Archives,SP 16,SP 16/378 f. 89
155,1639,,trade,trade/tobacco,1,,single,m,,Sir Alexander Hume,office grant,monarch,The National Archives,SP 16,SP 16/403 f. 22
156,1639,,lawsuit,law/Arches,1,,single,m,,"William Brookinge, a poor tailor of Plympton in Devon",law mercy,Judge of the Arches,The National Archives,SP 16,SP 16/409 f. 20
157,1639,3 January 1638/9,military,military/supplies,,40,collective,,m,41 of the leading persons of Cornwall,supplies grant,sheriff,The National Archives,SP 16,SP 16/409 f. 22
158,1639,,lawsuit,debt,1,,single,m,,"Henry Coghill, esquire",law mercy,Privy Council,The National Archives,SP 16,SP 16/409 f. 80
159,1640,,trade,trade/saltmaking,,,collective,,,The late Company of Saltmakers of the South and North Sheildes,financial mercy,monarch,The National Archives,SP 16,SP 16/403 f. 82
160,1640,,other royal office,office/baronet,3,,multiple,fm,,"Sir Thomas Holt, Edward Holt his eldest son, and Elizabeth wife of Edward",privileges grant,monarch,The National Archives,SP 16,SP 16/441 f. 135
161,1640,,crime,crime/manslaughter,1,,single,m,,Edmund Chapman,crime mercy,monarch,The National Archives,SP 16,SP 16/441 f. 14
162,1640,,trade,trade/hats,1,,single,m,,John Wilkinson,regulatory punishment,Privy Council,The National Archives,SP 16,SP 16/441 f. 41
163,1641,,lawsuit,law/Wards,1,,single,m,,"John Meredith, gentleman",law arbitration,Master of the Court of Wards,The National Archives,SP 16,SP 16/476 f. 123
164,1641,,lawsuit,law/Wards,2,,multiple  on behalf,m,,"Humphrey Streeth, esquire, on behalf of Robert Milleran, infant",law arbitration,Master of the Court of Wards,The National Archives,SP 16,SP 16/476 f. 130
165,1641,,crime,crime/contempt,1,,single,m,,Peter Archer,law mercy,Master of the Court of Wards,The National Archives,SP 16,SP 16/476 f. 72
166,1641,,lawsuit,law/Wards,1,,single,f,,"Mary Edd, widow",law arbitration,Master of the Court of Wards,The National Archives,SP 16,SP 16/476 f. 89
167,1642,,crime,crime,1,,single,m,,"Sir William Russell, baronet",crime mercy,monarch,The National Archives,SP 16,SP 16/488 f. 208
168,1642,,land,land,1,,single,m,,"Robert Long, esquire",law arbitration,unknown,The National Archives,SP 16,SP 16/488 f. 97
169,1642,,other royal office,office/under-sheriff,1,,single,m,,"Thomas Danby, gentleman under sheriff of Sir Thomas Danby, high sheriff of Yorkshire",office reimbursement,Chancellor of the Exchequer,The National Archives,SP 16,SP 16/489 f. 103
170,1642,,trade,trade/Spain,,,collective,,,The merchants trading in Spanish wines,duty mitigation,parliament: House of Commons,The National Archives,SP 16,SP 16/489 f. 116
171,1643,,military,military/supplies,1,6,single,m,m,"Francis Pare of St Leonard Shoreditch, carter",financial reimbursement,parliament,The National Archives,SP 16,SP 16/497 f. 34
172,1643,,trade,trade/overseas,,36,collective,,m,"The merchants trading to the straits of Spain, Portugal and France",naval action,parliament: House of Commons,The National Archives,SP 16,SP 16/497 f. 6
173,1643,,trade,trade/coastal,1,,single,m,,"Stiles Sowgate of Harwich, merchant",licence grant,Admiralty,The National Archives,SP 16,SP 16/497 f. 9
174,1643,,military,navy/wages,1,,single,m,,"Thomas Millard, gunner's mate of the Swallow",wages pay,Admiralty,The National Archives,SP 16,SP 16/497 f. 96
175,1644,,military,military/engines,1,,single,m,,"Edmond Felton, gentleman",office grant,Committee of Safety,The National Archives,SP 16,SP 16/500 f. 124
176,1644,,other royal office,office/receiver,1,,single,f,,The Lady Gee,office punishment,local committee for government,The National Archives,SP 16,SP 16/500 f. 91
177,1644,,trade,trade/navy,1,,single,m,,"Richard Vickris of Bristol, merchant",financial reimbursement,Admiralty,The National Archives,SP 16,SP 16/501 f. 128
178,1644,,trade,trade/coastal,1,,single,m,,"Robert Curtis, master of the Porpes of Hith in Kent",licence grant,Lord High Admiral,The National Archives,SP 16,SP 16/501 f. 46
179,1645,,military,office/navy,1,,single,m,,"John Welles, clerk of the instores for HM's Navy at Deptford",office pay,Admiralty,The National Archives,SP 16,SP 16/507 f. 125
180,1645,,other royal office,office/herald,1,,single,m,,"William Ryley, Lancaster Herald, and one of the clerks of the records in the Tower",office pay,Committee of the Revenue,The National Archives,SP 16,SP 16/507 f. 15
181,1645,,military,military/quarterage,,2,collective,,m,The inhabitants of the distressed county of Cumberland,financial reimbursement,parliament: House of Commons,The National Archives,SP 16,SP 16/507 f. 170
182,1645,,military,military/supplies,1,,single,m,,"Phillips Newgion, soldier to Major Bromhall",financial reimbursement,county commander,The National Archives,SP 16,SP 16/539/3 f. 48
183,1646,,trade,trade/coastal,1,,single,m,,"Richard Crossing, late of Exeter, merchant",financial reimbursement,Committee for Prize Goods,The National Archives,SP 16,SP 16/513/2 f. 104
184,1646,,military,army/wages,1,,single,m,,"Robert Mawson, one of Captain Johnson's troop",wages pay,local committee,The National Archives,SP 16,SP 16/539/3 f. 143
185,1646,,military,military/quarterage,1,,single,m,,Christopher Milles,financial reimbursement,local committee of safety,The National Archives,SP 16,SP 16/539/3 f. 153
186,1646,,military,military/quarterage,1,4,single,f,m,"Hester Whyte, widow of Danyell Whyte",financial reimbursement,local committee of safety,The National Archives,SP 16,SP 16/539/3 f. 169
187,1647,,trade,trade/coals,,31,collective,,m,The masters of ships trading to Newcastle for coal,licence grant,Admiralty,The National Archives,SP 16,SP 16/515/1 f. 53
188,1647,,military,military/supplies,1,,single,m,,"William Sykes of Hull, merchant",financial reimbursement,parliament: House of Lords,The National Archives,SP 16,SP 16/515/1 f. 91
189,1647,,military,navy,,,collective,,,The owners of the ship Constant Warwicke,licence grant,Admiralty,The National Archives,SP 16,SP 16/515/2 f. 85
190,1647,,military,office/army,,13,collective,,m,The ancient officers of the Kentish regiment now under the command of Colonel Lilburne,office grant,parliament,The National Archives,SP 16,SP 16/539/4 f. 23
191,1648,,military,army/wages,1,,single,m,,"John Langleye, late trooper under his excellency's command",wages pay,Army,The National Archives,SP 16,SP 16/516 f. 35
192,1648,,church,church/office,1,,single,m,,"Jasper Mayne, DD",office grant,monarch,The National Archives,SP 16,SP 16/516 f. 42
193,1648,,land,land/sequestration,2,,multiple,m,,"Walter Cary and Henry Jones, gentlemen",financial reimbursement,Captain General,The National Archives,SP 16,SP 16/516 f. 5
194,1648,18 May 1648,other,policy/peace,,,collective,,,"The knights, gentry, clergy and commonalty of Kent subscribed by the grand jury",change policy,parliament,The National Archives,SP 16,SP 16/516 f. 65
195,1649,,military,army/wages,8,,multiple,fm,,"Captain Adam Bayner, Captain Thomas King, Captain Owen and others",wages pay,parliament: House of Commons,The National Archives,SP 18,SP 18/1 f. 56
196,1649,,crime,crime/delinquency,1,,single,m,,"Joseph Edmondson of Kendall, Westmorland",crime mercy,local commissioners for compounding,The National Archives,SP 46,SP 46/104 f. 121
197,1649,,military,navy/impressment,,,collective,,,The overseers and rulers of the watermen of the river Thames,licence grant,Admiralty,The National Archives,SP 46,SP 46/95 f. 111
198,1649,,military,navy/shipping,1,,single,m,,"Richard Shakerly of Topsham, mariner",financial reimbursement,Council of State,The National Archives,SP 46,SP 46/95 f. 136
199,1650,,trade,trade/customs,1,,single,m,,"Elias Slearke, waterman",crime mercy,Admiralty,The National Archives,SP 18,SP 18/9 f. 137
200,1650,,military,navy/dockyard,,,collective,,,The inhabitants of the town of Woolwich,supplies grant,Council of State,The National Archives,SP 18,SP 18/9 f. 67
201,1650,,crime,crime/delinquency,1,,single,m,,"George Shawe of Stayne Moore, Westmorland",crime mercy,local commissioners for compounding,The National Archives,SP 46,SP 46/104 f. 279
202,1650,,military,army/supplies,1,,single,m,,"George Wood, commissary for the clothing of the soldiers in Ireland",office restore,Council of State,The National Archives,SP 46,SP 46/95 f. 284
203,1651,,military,army/supplies,1,,single,m,,Colonel George Crompton,supplies grant,Council of State,The National Archives,SP 18,SP 18/15 f. 26
204,1651,,military,army/wages,,,collective,,,The six gunners now acting service for the safety of the Tower of London,wages pay,Council of State,The National Archives,SP 18,SP 18/15 f. 69
205,1651,,military,office/navy,1,,single,m,,"Robert Launson, shipwright",office grant,Admiralty,The National Archives,SP 46,SP 46/114 f. 7
206,1651,,trade,trade/Hamburg,,1,collective,,m,"The governor, deputy assistants and fellowship of the merchant adventurers of England",licence grant,Council of State,The National Archives,SP 46,SP 46/96 f. 44
207,1652,,trade,trade/Hamburg,,1,collective,,m,"The governor, deputy assistants and fellowship of the merchant adventurers of England",licence grant,parliament,The National Archives,SP 46,SP 46/96 f. 109
208,1652,,crime,crime/POW,1,,single,m,,"Thomas, Earl of Cleveland",crime mercy,Council of State,The National Archives,SP 46,SP 46/96 f. 140
209,1652,,trade,trade/fishing,,,collective,,,The Muscovia Company adventurers to Greenland,licence grant,Council of State,The National Archives,SP 46,SP 46/96 f. 15
210,1652,6 January 1651/2,trade,trade/probate,1,,single,m,,Thomas Billingsley,law arbitration,Council of State,The National Archives,SP 84,SP 84/159 f. 107
211,1653,,crime,crime/treason,1,,single,m,,"Edward, Earl of Worcester, now prisoner in the Tower",financial grant,Council of State,The National Archives,SP 18,SP 18/32 f. 66
212,1653,,trade,trade/coals,3,,multiple,m,,"William Starke, Richard Lewis and Mathew Arnold, masters of several ships of Yarmouth",licence grant,Council of State,The National Archives,SP 18,SP 18/32 f. 89
213,1653,10 January 1652/3,trade,trade/sugar,1,,single,m,,"Joseph Ames, master of the Hart frigate of Yarmouth",licence grant,Council of State,The National Archives,SP 18,SP 18/32 f. 89a
214,1653,,military,office/navy,1,,single,m,,"George Reade of London, merchant",office grant,Admiralty,The National Archives,SP 46,SP 46/114 f. 98
215,1654,,trade,trade,1,,single,m,,"Peter Darton of Barnstable, mariner",financial mercy,Privy Council,The National Archives,SP 18,SP 18/65 f. 3
216,1654,,land,debt/forests,3,,multiple,m,,"Sir John Jacob, Sir Job Harby, and Sir Nicholas Crispe",debt mercy,monarch,The National Archives,SP 18,SP 18/65 f. 48
217,1654,,military,office/navy,1,,single,m,,"Thomas Rickett, master of the Plover",office maintain,Admiralty,The National Archives,SP 18,SP 18/78 f. 213
218,1654,,land,land/forests,1,,single,m,,"Humble Ward, esquire",financial grant,Trustees for the Sale of Forest Lands,The National Archives,SP 46,SP 46/109 f. 53
219,1655,,other royal office,office/CinquePorts,5,,multiple,m,,"Thomas Kelsey, lieutenant of Dover Castle, Walter Walker, judge of the Admiralty of Cinque Ports, and others",stipend pay,monarch,The National Archives,SP 18,SP 18/94 f. 1
220,1655,,tax,office/customs,1,,single,m,,"Thomas Marshall, collector of the customs at Rye",office reimbursement,Council of State,The National Archives,SP 18,SP 18/94 f. 13
221,1655,,military,army/supplies,1,,single,m,,"John Blackmore, on behalf of the officers and soldiers of General Disbrowe's regiment",supplies grant,Council of State,The National Archives,SP 18,SP 18/94 f. 46
222,1655,,charity,charity,4,,multiple,f,,"Lady Margaret Levingston, Mistress Bridgett Bray, Mistress Judeth Hobson, and Mistress Frances Blundew",financial grant,monarch,The National Archives,SP 18,SP 18/94 f. 5
223,1656,,military,army/wages,1,,single,m,,Henry Wilson,wages pay,Council of State,The National Archives,SP 18,SP 18/123 f. 75
224,1656,,trade,trade/shipping,,,collective,,,"The sons and executors of Sir Peter Rychant, deceased",licence grant,Council of State,The National Archives,SP 46,SP 46/101 f. 164
225,1656,,military,navy/office,1,,single,m,,Jacob Rowse,office grant,Admiralty,The National Archives,SP 46,SP 46/117 f. 230
226,1656,,military,navy/supplies,3,,multiple,m,,"Henry Roach, John Wright, William Wood and partners of Wapping, mastmakers",supplies reimburse,monarch,The National Archives,SP 46,SP 46/98 f. 1c
227,1657,,land,land,1,,single,m,,Major Edward Basse,financial grant,monarch,The National Archives,SP 18,SP 18/153 f. 13
228,1657,,school/university,office/university,1,,single,m,,Robert Jennings,office restore,monarch,The National Archives,SP 18,SP 18/153 f. 27
229,1657,,trade,trade/silver,2,,multiple,m,,"Sir Thomas Vyner, knight, and Edward Backwell of London, goldsmith",licence grant,monarch and Privy Council,The National Archives,SP 18,SP 18/153 f. 32
230,1657,,church,church/office,1,,single,m,,"Stephen Bownd, minister of the gospel",office grant,monarch,The National Archives,SP 18,SP 18/153 f. 38
231,1658,,church,church/sequestration,1,,single,m,,"Peter Witham, minister and master of arts of Sydney College Cambridge",crime mercy,monarch,The National Archives,SP 18,SP 18/179 f. 49
232,1658,,other royal office,office/parliament,1,,single,m,,Henry Scobell,salary pay,parliament,The National Archives,SP 18,SP 18/179 f. 60
233,1658,,military,navy/wages,1,,single,f,,"Mary Pitman, wife of George Pitman, boatswain of the Tradagh frigate",wages pay,Admiralty,The National Archives,SP 18,SP 18/187 f. 145
234,1658,,military,navy/wages,1,,single,m,,"Richard Cord, mariner",wages pay,Admiralty,The National Archives,SP 18,SP 18/187 f. 91
235,1659,,school/university,office/university,1,,single,m,,"Seth Ward D.D., professor of astronomy in Oxford",financial maintain,monarch and Privy Council,The National Archives,SP 18,SP 18/200 f. 29
236,1659,,crime,crime/POW,1,,single,m,,"Major John Harris, prisoner in Lambeth House",crime mercy,Council of State,The National Archives,SP 18,SP 18/200 f. 31
237,1659,,land,land/Exchequer,1,,single,m,,"Colonel Thomas Ceely, late governor of Lyme Regis",land maintain,monarch,The National Archives,SP 18,SP 18/200 f. 33
238,1659,25 January 1658/9,church,church/office,1,,single,m,,Richard Harvie,office grant,Admiralty,The National Archives,SP 18,SP 18/207 f. 104
239,1660,,trade,trade,2,,multiple,m,,"Captain John Cramp, James Sadler and others, the late owners of the ship Consent of London",licence grant,Council of State,The National Archives,SP 18,SP 18/219 f. 103
240,1660,,crime,crime,1,,single,m,,"Sir George Booth, prisoner in the Tower",crime mercy,Committee of Safety,The National Archives,SP 18,SP 18/219 f. 53
241,1660,,trade,trade/overseas,,12,collective,,m,Guthbert Atkinson and 11 other masters of ships at Newcastle upon Tyne,convoy grant,Admiralty,The National Archives,SP 18,SP 18/220 f. 36
242,1660,,military,navy/supplies,1,,single,m,,"Sir George Ayscough, knight",supplies reimburse,Admiralty,The National Archives,SP 18,SP 18/220 f. 5
243,1661,,other royal office,office/JewelHouse,1,,single,m,,"Walter Brydall, gentleman",office grant,monarch,The National Archives,SP 29,SP 29/28 f. 90
244,1661,,other,office/diving,1,,single,m,,"James Maule, esquire",office grant,monarch,The National Archives,SP 29,SP 29/29 f. 121
245,1661,,land,land/inheritance,1,,single,m,,Thomas Ceely of the king's Lifeguard,land grant,monarch,The National Archives,SP 29,SP 29/29 f. 2
246,1661,,crime,crime/treason,1,,single,m,,"Richard Williams, one of the yeomen ushers of the king's great chamber",financial grant,monarch,The National Archives,SP 29,SP 29/29 f. 63
247,1662,,church,church/office,1,,single,m,,"Ralph Ironside, clerk",office grant,monarch,The National Archives,SP 29,SP 29/49 f. 21
248,1662,,land,land/woodland,1,,single,m,,Reginald Forster,licence grant,monarch,The National Archives,SP 29,SP 29/49 f. 48
249,1662,,other royal office,office/clerk,1,,single,m,,Nathaniel Smith,financial grant,monarch,The National Archives,SP 29,SP 29/49 f. 8
250,1662,,lawsuit,office/theatre,2,,multiple,m,,"Thomas Killegrew, groom of the king's bedchamber and Sir William Davenant, gentlemen of the king's privy chamber",law arbitration,monarch,The National Archives,SP 29,SP 29/49 f. 95
251,1663,,land,land/coal,1,,single,m,,"Charles, Earl of Norwich",land maintain,monarch,The National Archives,SP 29,SP 29/67 f. 153
252,1663,,other royal office,office/JewelHouse,1,,single,m,,"Sir Gilbert Talbot, master of the king's jewel house",salary pay,monarch,The National Archives,SP 29,SP 29/67 f. 17
253,1663,,charity,poverty/relief,,,collective,,,The churchwardens and overseers of the poor of the parish of St Martin in the Fields on behalf of their poor,financial grant,Secretary of State,The National Archives,SP 29,SP 29/67 f. 207
254,1663,,crime,crime/treason,1,,single,m,,"William Christian, gentleman",crime mercy,monarch and Privy Council,The National Archives,SP 29,SP 29/67 f. 75
255,1664,,other,title,1,,single,m,,"William, Viscount of Stafford",privileges grant,monarch,The National Archives,SP 29,SP 29/90 f. 149
256,1664,,other,title,1,,single,m,,"William, Viscount of Stafford",privileges grant,monarch,The National Archives,SP 29,SP 29/90 f. 151
257,1664,,land,land,1,,single,m,,"George, Duke of Buckingham",land grant,monarch,The National Archives,SP 29,SP 29/90 f. 86
258,1664,,tax,tax/PollTax,1,,single,m,,"Francis Roper, esquire",financial grant,monarch,The National Archives,SP 29,SP 29/91 f. 13
259,1665,,land,land,1,,single,m,,"Thomas Rogers, labourer of Distington, Cumberland",law arbitration,monarch,The National Archives,SP 29,SP 29/110 f. 129
260,1665,,trade,trade/Africa,,,collective,,,The Company of Royal Adventurers of England trading into Africa,financial grant,monarch,The National Archives,SP 29,SP 29/110 f. 13
261,1665,,other,treasure,1,,single,m,,Colonel Robert Broughton,licence grant,monarch,The National Archives,SP 29,SP 29/110 f. 59
262,1665,,other royal office,office/RoyalHousehold,1,,single,m,,"Richard Erwin, gentleman sewer to the king",financial grant,monarch,The National Archives,SP 29,SP 29/110 f. 96
263,1666,,land,land/waste,1,,single,m,,"George Paule, esquire",land grant,monarch,The National Archives,SP 29,SP 29/144 f. 127
264,1666,,military,navy/carpenter,1,,single,m,,"John Burges, ship's carpenter",office grant,Admiralty,The National Archives,SP 29,SP 29/145 f. 45
265,1666,,military,navy/pension,1,,single,m,,Captain John Roach,pension grant,monarch,The National Archives,SP 29,SP 29/146 f. 107
266,1666,,military,navy/boatswain,1,,single,m,,"John Hunt, boatswain",office grant,Admiralty,The National Archives,SP 29,SP 29/146 f. 58
267,1667,,land,land,1,,single,m,,"John Malet, esquire",land grant,monarch,The National Archives,SP 29,SP 29/188 f. 34
268,1667,,trade,trade/coinage,,,collective,,,The Royal Fishing Company,licence grant,monarch,The National Archives,SP 29,SP 29/188 f. 36
269,1667,,diplomacy/travel,office/diplomacy,1,,single,m,,"Edward Burton of London, merchant",office grant,monarch,The National Archives,SP 29,SP 29/188 f. 37
270,1667,,military,navy/surgeon,1,1,single,m,m,John Godsuffe,wages pay,Admiralty,The National Archives,SP 29,SP 29/188 f. 49
271,1668,,military,military/supplies,1,,single,m,,"William Baber, powdermaker",debt pay,monarch,The National Archives,SP 29,SP 29/232 f. 243
272,1668,,crime,crime,4,,multiple,fm,,"Samuell Dunninge, John Carter, Margret Tison, Susan Williams, prisoners in Surrey county gaol",crime mercy,monarch,The National Archives,SP 29,SP 29/232 f. 244
273,1668,,charity,poverty/relief,,,collective,,,The churchwardens and overseers of the poor of St Martins in the Fields,financial grant,monarch,The National Archives,SP 29,SP 29/232 f. 58
274,1668,,military,army,,21,collective,,m,21 soldiers lately in the king's company in his majesty's Regiment of Guards,licence grant,Secretary of State,The National Archives,SP 29,SP 29/233 f. 47
275,1669,,school/university,office/university,1,,single,m,,George Nichols,office grant,monarch,The National Archives,SP 29,SP 29/254 f. 20
276,1669,,lawsuit,law/debt,1,,single,m,,"Charles, Lord Gerrard",law arbitration,monarch,The National Archives,SP 29,SP 29/254 f. 22
277,1669,,crime,crime/homicide,1,,single,m,,William Fernely of Ipswich,crime mercy,monarch,The National Archives,SP 29,SP 29/254 f. 56
278,1669,,crime,crime/homicide,1,,single,m,,John Skelton,crime mercy,monarch,The National Archives,SP 29,SP 29/254 f. 91
279,1670,,lawsuit,debt/royal,1,,single,f,,"Frances Ligneere, granddaughter of Sir Thomas Merry one of the late king's clerks of the Green cloth",financial arbitration,monarch,The National Archives,SP 29,SP 29/272 f. 55
280,1670,,land,land,1,,single,m,,"Patricke Archer, merchant",law arbitration,monarch,The National Archives,SP 29,SP 29/272 f. 57
281,1670,9 January 1669/70,other royal office,office/exchequer,1,,single,f,,"The Lady Fanshawe, relict of Sir Richard Fanshawe deceased",office grant,monarch,The National Archives,SP 29,SP 29/272 f. 58
282,1670,,military,military,1,,single,m,,Robert Bird of Tonge in the county of Salop,financial grant,monarch,The National Archives,SP 29,SP 29/272 f. 74
283,1671,,trade,trade/baking,1,,single,m,,Thomas Vahan,licence grant,monarch,The National Archives,SP 29,SP 29/287/1 f. 101
284,1671,,trade,trade/fair,1,,single,m,,"Thomas Grey, esquire",licence grant,monarch,The National Archives,SP 29,SP 29/287/1 f. 187
285,1671,,crime,crime/theft,2,,multiple,m,,"Lewis Sulpice Jonquier and Martin Corbonell, Frenchmen and now prisoners in Newgate",crime mercy,monarch,The National Archives,SP 29,SP 29/287/1 f. 206
286,1671,,monetary grant,financial,1,,single,f,,The distressed widow Dergofsky,financial grant,monarch,The National Archives,SP 29,SP 29/287/1 f. 75
287,1672,,school/university,university/church,1,,single,m,,"John Glanvill, MA, fellow of St Peters college in Cambridge",licence grant,monarch,The National Archives,SP 29,SP 29/302 f. 154
288,1672,,trade,trade/fishing,,,collective,,,"Merchants of London and Dartmouth, traders to Newfoundland in dried fish",licence grant,monarch,The National Archives,SP 29,SP 29/302 f. 167
289,1672,,crime,crime/coining,5,,multiple,m,,"Nicholas Throckmorton, Robert Philips, Joseph Booth, Thomas Wenborne and Benjamin Herne",crime mercy,monarch,The National Archives,SP 29,SP 29/302 f. 238
290,1672,,charity,hospital,1,,single,m,,Joseph Jackson,pension maintain,Governors of St. Bartholomew's Hospital,The National Archives,SP 29,SP 29/302 f. 239
291,1673,,trade,trade/privateer,3,,multiple,m,,"John Backhusios, on behalf of himself and other owners of the ship St John Evangelist",licence grant,Secretary of State,The National Archives,SP 29,SP 29/332 f. 153
292,1673,,monetary grant,financial,1,,single,m,,Captain Crow,financial grant,monarch,The National Archives,SP 29,SP 29/332 f. 165
293,1673,,trade,trade/wine,2,,multiple,m,,"Jasper Kaus and John Le Verroo, merchants",licence grant,monarch,The National Archives,SP 29,SP 29/332 f. 83
294,1673,,military,navy/ropemaking,1,,single,m,,"William Bowdon, ropemaker in Woolwich ropeyard",office grant,Admiralty,The National Archives,SP 29,SP 29/340 f. 10
295,1674,,school/university,charity/school,1,,single,m,,"Edward Sturton, MD, on behalf of himself and the inhabitants of Spalding",licence grant,monarch,The National Archives,SP 29,SP 29/360 f. 176
296,1674,,crime,crime/theft,2,,multiple,m,,Valentine Hollifield and Samuell Hirons,crime mercy,monarch,The National Archives,SP 29,SP 29/360 f. 254
297,1674,,trade,trade/printing,1,,single,m,,Sir William Boreman,licence grant,monarch,The National Archives,SP 29,SP 29/360 f. 360
298,1674,,land,land/mills,1,,single,m,,"Sir Maurice Eustace, knight",land maintain,monarch,The National Archives,SP 63,SP 63/335 f. 34
299,1675,,trade,trade/plastering,1,,single,m,,"John Grove, the Master Plasterer",office grant,monarch,The National Archives,SP 29,SP 29/367 f. 156
300,1675,,crime,crime/infanticide,1,,single,m,,"Robert Watts of Rumford in the county of Essex, labourer",crime mercy,monarch,The National Archives,SP 29,SP 29/367 f. 239
301,1675,,crime,crime,1,,single,f,,Joane Thorndell,crime mercy,Secretary of State,The National Archives,SP 29,SP 29/367 f. 246
302,1675,,trade,trade/shipping,8,,multiple,m,,"Peter Heringhook and other merchants and Thomas Blake, master of the Flying Hare",diplomacy aid,monarch,The National Archives,SP 29,SP 29/367 f. 82
303,1676,,trade,trade/shipping,1,,single,m,,Sir John Shorter and others concerned in the four ships destroyed by the Dutch in the Elve near Hambourg,debt pay,monarch,The National Archives,SP 29,SP 29/378 f. 127
304,1676,,trade,trade/printing,1,,single,m,,"Sir Peter Wyche, knight",licence grant,monarch,The National Archives,SP 29,SP 29/378 f. 188
305,1676,,trade,trade/shipping,1,,single,m,,"Robert Breton of London, merchant",licence grant,monarch and Privy Council,The National Archives,SP 29,SP 29/378 f. 227
306,1676,,land,land/mines,1,,single,f,,"Elizabeth Lady Clifford, widow of Thomas Lord Clifford",land grant,monarch,The National Archives,SP 29,SP 29/378 f. 79
307,1677,,crime,crime/slander,1,,single,m,,"Francis Savage, esquire",financial recompene,monarch,The National Archives,SP 29,SP 29/390 f. 144
308,1677,,trade,trade/shipping,1,,single,m,,"Sir John Godolphin knight, vice-admiral of north Cornwall",financial reimbursement,monarch,The National Archives,SP 29,SP 29/390 f. 195
309,1677,,church,church/office,1,,single,m,,"Henry Bishop of London, the king's chaplain",office grant,monarch,The National Archives,SP 29,SP 29/390 f. 288
310,1677,,trade,trade/shipping,,,collective,,,The governor and fellowship of Merchant Adventurers of England,licence revoke,monarch,The National Archives,SP 29,SP 29/390 f. 88
311,1678,,church,church/office,1,,single,m,,"William Hoare, clerk, chaplain to the king",office grant,monarch,The National Archives,SP 29,SP 29/400 f. 232
312,1678,,other royal office,office/RoyalHousehold,6,,multiple,m,,"John Every, Thomas Chiffinch, Anthony Vane, John Walthew, William Shaw and James Windebank",wages raise,monarch,The National Archives,SP 29,SP 29/400 f. 39
313,1678,,other royal office,office/RoyalHousehold,6,,multiple,m,,"John Every, Thomas Chiffinch, Anthony Vane, John Walther, William Shaw and James Windebank",wages raise,monarch,The National Archives,SP 29,SP 29/400 f. 40
314,1678,,other royal office,office/RoyalHousehold,,,collective,,,The grooms of the king's privy chamber and the gentlemen ushers quarter waiters,wages raise,monarch,The National Archives,SP 29,SP 29/400 f. 92
315,1679,,school/university,school/place,2,,multiple  on behalf,fm,,"Mary Collier, widow and mother of Richard Collier, a poor scholar aged about 9 years",scholarship grant,monarch,The National Archives,SP 29,SP 29/411 f. 123
316,1679,,school/university,school/place,1,,single,f,,"Mary Collier, widow",scholarship grant,Secretary of State,The National Archives,SP 29,SP 29/411 f. 124
317,1679,,tax,office/customs,1,,single,m,,"Sir Thomas Wolstenholme, baronet",office grant,monarch,The National Archives,SP 29,SP 29/411 f. 399
318,1679,,crime,crime/felony,1,,single,m,,"Henry Tompkins, junior",crime mercy,monarch,The National Archives,SP 29,SP 29/411 f. 83
319,1680,,crime,crime/libel,1,,single,m,,"Charles Ray, gentleman",crime mercy,Secretary of State,The National Archives,SP 29,SP 29/413 f. 162
320,1680,,other,town/office,1,,single,m,,"William Charlton, barrister at law",office grant,monarch,The National Archives,SP 29,SP 29/413 f. 298b
321,1680,,church,religion,1,,single,m,,"William Challoner, freeman of the City of London and Bristol",scheme support,Lord Mayor of London,The National Archives,SP 29,SP 29/414 f. 75
322,1680,,monetary grant,debt/royal,1,,single,f,,"Elizabeth, relict and administratrix of John Simpson, late jeweller to the king",financial grant,monarch,The National Archives,SP 29,SP 29/417 f. 555
323,1681,,trade,trade/publishing,1,,single,m,,Nathaniel Thompson,licence grant,monarch,The National Archives,SP 29,SP 29/415 f. 106
324,1681,,crime,crime/treason,1,,single,f,,"Ann Fitzharris, wife of Edward Fitzharris esquire, prisoner in the Gatehouse",crime mercy,monarch,The National Archives,SP 29,SP 29/415 f. 119
325,1681,,church,church/office,1,,single,m,,"John Jones, one of the king's apothecaries in ordinary",office grant,monarch,The National Archives,SP 29,SP 29/415 f. 47
326,1681,,crime,crime/homicide,1,,single,m,,"Alexander, Earl of Eglintoun",crime mercy,monarch,The National Archives,SP 29,SP 29/415 f. 58
327,1682,,crime,crime,1,,single,m,,Bernard Dennis,crime mercy,monarch,The National Archives,SP 29,SP 29/418 f. 44
328,1682,,crime,crime/homicide,1,,single,m,,"Rowland St. John, gentleman",crime mercy,monarch,The National Archives,SP 29,SP 29/418 f. 55b
329,1682,,monetary grant,financial,1,,single,m,,"John Booth, gentleman",financial grant,Privy Council,The National Archives,SP 29,SP 29/418 f. 68
330,1682,,tax,office/customs,1,,single,m,,"John Booth, gentleman",office grant,monarch,The National Archives,SP 29,SP 29/418 f. 69a
331,1683,,diplomacy/travel,diplomacy/office,1,,single,m,,"Thomas Goddard, esquire",financial grant,Secretary of State,The National Archives,SP 29,SP 29/422 f. 102
332,1683,,military,financial,1,,single,m,,"John Guillim, late captain in the king's guards etc",financial grant,monarch,The National Archives,SP 29,SP 29/422 f. 51
333,1683,,lawsuit,law/debt,1,,single,m,,"Peter Stepkin of London, gentleman",office grant,monarch,The National Archives,SP 29,SP 29/422 f. 74
334,1683,,lawsuit,law/debt,1,,single,m,,"Peter Stepkin of London, gentleman",office grant,monarch,The National Archives,SP 29,SP 29/422 f. 79
335,1684,,crime,crime/treason,1,,single,f,,The Lady Petre,crime mercy,monarch,The National Archives,SP 29,SP 29/436 f. 29
336,1684,,crime,crime/treason,1,,single,m,,"Richard, Lord Maitland",crime mercy,monarch,The National Archives,SP 29,SP 29/436 f. 30
337,1684,,crime,crime,1,,single,m,,"Robert West, prisoner in the Marshalsea",crime mercy,monarch,The National Archives,SP 29,SP 29/436 f. 46
338,1684,15 January 1684,crime,crime/coining,,23,collective,,m,The JPs and grand jury of Wiltshire at the quarter sessions,crime mercy,monarch,The National Archives,SP 29,SP 29/436 f. 80
339,1685,,trade,trade/papermaking,1,,single,m,,John Briscoe,licence grant,monarch,The National Archives,SP 31,SP 31/1 f. 128
340,1685,,trade,trade/shipping,,,collective,,,"The master, wardens and assistants of Trinity House",licence grant,monarch,The National Archives,SP 31,SP 31/1 f. 274
341,1685,,land,land/building,1,,single,m,,"Henry Serle, esquire",law mercy,monarch,The National Archives,SP 31,SP 31/1 f. 287
342,1685,,trade,trade/fishing,3,,multiple,m,,"Samuel Heron, Peter Martell and William Miles of London, merchants",licence grant,monarch and Privy Council,The National Archives,SP 31,SP 31/5 f. 8
343,1686,,crime,crime/treason,1,,single,f,,"Martha Gamlyn, widow",crime mercy,monarch,The National Archives,SP 31,SP 31/3 f. 301
344,1686,,trade,trade/silk,,7,collective,,m,"The bailiffs, wardens and assistants of the Company of Weavers London",trade support,monarch,The National Archives,SP 31,SP 31/5 f. 40
345,1686,,trade,trade/cloth,,70,collective,,m,The woollen manufacturers of Gloucestershire,trade support,monarch,The National Archives,SP 31,SP 31/5 f. 44
346,1686,,trade,trade/cloth,,70,collective,,m,The clothiers of Suffolk and Essex,trade support,monarch,The National Archives,SP 31,SP 31/5 f. 52
347,1687,,school/university,school/office,,34,collective,,fm,"Inhabitants of Calne, Wiltshire",office grant,monarch,The National Archives,SP 31,SP 31/3 f. 122
348,1687,,school/university,school/office,,4,collective,,m,"Trustees of the free school in Calne, Wiltshire",office grant,monarch,The National Archives,SP 31,SP 31/3 f. 124
349,1687,,crime,crime/coining,1,,single,f,,Jean Douglas,crime mercy,monarch,The National Archives,SP 31,SP 31/3 f. 153
350,1687,August 1687,church,church/office,1,,single,m,,"Francis Price, vicar of Blackburn, Lancashire",office retain,bishop,The National Archives,SP 31,SP 31/3 f. 42
351,1688,,other,town charter,,,collective,,,"The mayor, bailiffs and commonalty of the city of Exeter",charter grant,monarch,The National Archives,SP 31,SP 31/3 f. 157
352,1688,,military,military/quarterage,5,,multiple,m,,"Sir Robert Dillington, Major John Leigh and others, on behalf of the inhabitants of the Isle of Wight",imposition exemption,monarch,The National Archives,SP 31,SP 31/4 f. 265
353,1688,,military,financial,1,,single,m,,Captain Thomas Symondes,financial grant,monarch,The National Archives,SP 31,SP 31/4 f. 36
354,1688,,trade,trade/publishing,,,collective,,,The president and college of physicians in London,licence grant,monarch,The National Archives,SP 31,SP 31/4 f. 4
355,1689,,crime,crime/treason,2,,multiple,m,,"Patrick Macdonnell, gentleman, and Owen Bannahan, late quartermaster in a troop of Irish dragoons",crime mercy,Secretary of State,The National Archives,SP 32,SP 32/1 f. 278
356,1689,,other royal office,office/assizes,1,,single,m,,"John Warren of Grays Inn, esquire",office retain,monarch,The National Archives,SP 32,SP 32/1 f. 42
357,1689,,crime,crime/treason,5,,multiple,m,,"John Clapp, Joseph Pitts and John Gould of Colyton, and Daniell Cleaveland and Nathaniell Smith of Honiton",crime mercy,monarch,The National Archives,SP 32,SP 32/1 f. 97
358,1689,,military,military,1,,single,m,,"George Howse, gentleman",office grant,monarch,The National Archives,SP 32,SP 32/2 f. 4
359,1690,,trade,shipping/EastIndia,2,,multiple,m,,"John and Thomas Temple, owners of the ship Bristoll of London",financial reimbursement,parliament: House of Commons,The National Archives,SP 32,SP 32/14 f. 35
360,1690,,other royal office,office/judgeship,,,collective,,,"The judges of Kings Bench, Common Pleas and Exchequer",wages raise,monarch,The National Archives,SP 63,SP 63/352 f. 110
361,1690,,other royal office,office/SecretaryOfState,1,,single,m,,"Robert Gorges, doctor of laws",office grant,monarch,The National Archives,SP 63,SP 63/352 f. 112
362,1690,,other royal office,office/forest,1,,single,m,,Michaell Huitt,office grant,monarch,The National Archives,SP 8,SP 8/8 f. 30
363,1692,,trade,shipping/Poland,1,,single,m,,"Thomas Gallentine, merchant burgher, inhabitant of Gdansk and subject of the king of Poland",law arbitration,monarch and Privy Council,The National Archives,PC 1,PC 1/1 f. 21
364,1692,,charity,alms,5,,multiple,m,,"Robert Maynwaring and others, poor or alms knights of Windsor",allowance retain,parliament,The National Archives,SP 32,SP 32/4 f. 196
365,1692,,crime,crime,1,,single,m,,"William Fuller, gentleman",crime mercy,parliament,The National Archives,SP 32,SP 32/4 f. 26
366,1692,,military,military/supplies,,,collective,,,"The officers, innkeepers, and clothiers that served in, quartered, and clothed the army in 1677",financial reimbursement,parliament,The National Archives,SP 32,SP 32/4 f. 27
367,1693,,military,military/office,1,,single,m,,"John Weale, master of the science of single rapier",office grant,monarch,The National Archives,SP 32,SP 32/5 f. 1
368,1693,,trade,shipping/privateering,1,,single,m,,"John Mitchell, captain of the Rooke, on behalf of himself and other owners of the ship",prize grant,monarch,The National Archives,SP 32,SP 32/5 f. 20
369,1693,,land,land,1,,single,m,,"James Corry, esquire",land grant,monarch,The National Archives,SP 63,SP 63/355 f. 321
370,1694,,trade,shipping,1,,single,m,,"Robert Mackarrell, merchant",financial mercy,monarch,The National Archives,SP 63,SP 63/356 f. 140
371,1695,,lawsuit,law/debt,,,collective,,,The protestant creditors of Colonel John Browne,law arbitration,Lord Deputy of Ireland,The National Archives,SP 63,SP 63/357 f. 150
372,1695,,lawsuit,law/debt,2,12,multiple,m,m,Sir Thomas Hacket and Colonel Dudly Colclough on behalf of themselves and other creditors of Colonel John Browne,law arbitration,Lords Justices of Ireland,The National Archives,SP 63,SP 63/357 f. 152
373,1695,,land,land/inheritance,1,,single,m,,Captain Connor O Bryan,financial grant,monarch,The National Archives,SP 63,SP 63/357 f. 190
374,1695,,land,land/inheritance,1,,single,m,,Captain Conor O Brien,law mercy,parliament: House of Commons,The National Archives,SP 63,SP 63/357 f. 192
375,1696,,crime,crime/non-juroring,2,,multiple,m,,"Shadrack Cooke and William Snatt clerks, prisoners in Newgate",crime mercy,monarch,The National Archives,PC 1,PC 1/1 f. 32
376,1696,,trade,trade/coinage,,9,collective,,m,The JPs and gentlemen of Leicestershire and the mayor and aldermen of the borough of Leicester,mint establish,monarch,The National Archives,SP 32,SP 32/13 f. 216
377,1696,,diplomacy/travel,travel,1,,single,m,,The Lord Mountgomery,passport grant,monarch,The National Archives,SP 32,SP 32/6 f. 165
378,1696,,lawsuit,documents,1,,single,f,,Sarah Heywood,documents deliver,monarch,The National Archives,SP 32,SP 32/6 f. 206
379,1697,,trade,shipping/military,1,,single,m,,"Michael Schade, master mariner, born in the king's dominion of Graafschap Lingen",financial reimbursement,monarch,The National Archives,SP 32,SP 32/8 f. 262
380,1697,,trade,shipping,6,,multiple,m,,"William Hoare clerk, chaplain to your majesty",diplomacy aid,monarch,The National Archives,SP 32,SP 32/8 f. 265
381,1698,,other,election,1,,single,m,,"Edmund Soame, esquire",election arbitrate,parliament: House of Commons,The National Archives,SP 32,SP 32/10 f. 363
382,1698,,charity,almshouse,1,,single,m,,James Vincent,pension grant,monarch,The National Archives,SP 32,SP 32/11 f. 4
383,1698,,military,military/supplies,1,,single,m,,"John Martin of Rochester, vintner",financial reimbursement,unknown,The National Archives,SP 32,SP 32/13 f. 240
384,1699,,trade,shipping/mutiny,3,,multiple,m,,"Samuel Shepheard, Gilbert Heathcote and Henry Tate on behalf of themselves and other owners of the Adventure",crime punishment,monarch,The National Archives,SP 32,SP 32/11 f. 257
385,1699,,trade,trade/wool,1,,single,m,,John Haynes,financial reimbursement,monarch,The National Archives,SP 32,SP 32/11 f. 284
386,1699,,trade,trade/WestIndies,2,,multiple,m,,"Andrew and Jeronimy Clifford of London, merchants, late inhabitants of Surinam in the West Indies",diplomacy aid,monarch,The National Archives,SP 32,SP 32/13 f. 243
387,1699,,crime,crime/treason,1,,single,m,,James Plunckett of Castle Plunckett in the county of Roscommon,crime mercy,monarch,The National Archives,SP 63,SP 63/360 f. 54
