petitioner_id,petition_id,name,name_type,sig_type,gender,repository,collection,reference
1,1,Thomas Watkyns,petr,,male,The National Archives,SP 12,SP 12/274 f. 85
2,2,Samuel Aylmer,petr,sig,male,The National Archives,SP 46,SP 46/42 f. 36
3,3,Elizabeth Wentworth,petr,,female,The National Archives,SP 46,SP 46/42 f. 61
4,4,unnamed_male official,petr,,male,The National Archives,SP 12,SP 12/279 f. 181
5,5,William Nutte,petr,,male,The National Archives,SP 12,SP 12/281 unfol.
6,5,William Dugdale,petr,,male,The National Archives,SP 12,SP 12/281 unfol.
7,6,Jane Danyell,petr,,female,The National Archives,SP 12,SP 12/283 f. 40
8,7,Richard Nicoll of Mylespi,petr,,male,The National Archives,SP 46,SP 46/42 f. 106
9,9,Jane Daniel,petr,,female,The National Archives,SP 12,SP 12/283a f. 43
10,8,Edwarde Hall.we? prisoner,petr,,male,The National Archives,SP 12,SP 12/283a f. 100
11,10,Jane Danyell,petr,,female,The National Archives,SP 12,SP 12/285 f. 46
12,11,Jane Danyell,petr,,female,The National Archives,SP 46,SP 46/55 f. 129
13,12,Henry Dobby,petr,,male,The National Archives,SP 46,SP 46/42 f. 234
14,13,Jaen Danyell,petr,,female,The National Archives,SP 46,SP 46/55 f. 218
15,14,John Danyell prysoner in,petr,,male,The National Archives,SP 46,SP 46/55 f. 228
16,15,John Danyell prysoner in,petr,,male,The National Archives,SP 46,SP 46/55 f. 232
17,16,Jane Daniel wief of John,petr,,female,The National Archives,SP 14,SP 14/6 f. 149
18,17,William Udall,petr,ss,male,The National Archives,SP 14,SP 14/7 f. 20
19,18,John Cuttes knight,petr,,male,The National Archives,SP 14,SP 14/7 f. 293
20,19,Henry Fanshawe knight,petr,,male,The National Archives,SP 14,SP 14/8 f. 192
21,23,John Norden,petr,,male,The National Archives,SP 14,SP 14/12 f. 6
22,21,Robert Wright doctor of d,petr,,male,The National Archives,SP 14,SP 14/12 f. 164
23,21,William Barker doctor in,petr,,male,The National Archives,SP 14,SP 14/12 f. 164
24,22,Marie Hills late wife of,petr,,female,The National Archives,SP 14,SP 14/12 f. 167
25,26,George Selby knight,petr,,male,The National Archives,SP 14,SP 14/18 f. 78
26,26,Henry Chapman burgesses o,petr,,male,The National Archives,SP 14,SP 14/18 f. 78
27,30,William Freeman,petr,,male,The National Archives,SP 14,SP 14/26 f. 132
28,30,Robert Brooke,petr,,male,The National Archives,SP 14,SP 14/26 f. 132
29,31,Fulk Grevill knight,petr,,male,The National Archives,SP 14,SP 14/28 f. 26
30,32,William Irvinge knight,petr,,male,The National Archives,SP 14,SP 14/31 f. 139
31,33,William Mosse,petr,,male,The National Archives,SP 14,SP 14/34 f. 95
32,34,William Morse,petr,,male,The National Archives,SP 14,SP 14/34 f. 96
33,35,Daniell Brames,petr,,male,The National Archives,SP 14,SP 14/35 f. 45
34,36,Francis Galbreth sargant,petr,,male,The National Archives,SP 14,SP 14/43 f. 14
35,37,Marey Carliell widdowe la,petr,,female,The National Archives,SP 14,SP 14/43 f. 47
36,38,William Coombe of Dorset,petr,,male,The National Archives,SP 14,SP 14/43 f. 65
37,39,John Smithe thelder,sub,ss,male,The National Archives,SP 14,SP 14/45 f. 31
38,39,William Gosse,sub,ss,male,The National Archives,SP 14,SP 14/45 f. 31
39,39,Robert Cooper,sub,ss,male,The National Archives,SP 14,SP 14/45 f. 31
40,39,Robert Callingwood,sub,ss,male,The National Archives,SP 14,SP 14/45 f. 31
41,39,Ezechias Harris,sub,ss,male,The National Archives,SP 14,SP 14/45 f. 31
42,39,John Waller,sub,ss,male,The National Archives,SP 14,SP 14/45 f. 31
43,39,Henry Detiman,sub,ss,male,The National Archives,SP 14,SP 14/45 f. 31
44,39,Jeames Neales,sub,ss,male,The National Archives,SP 14,SP 14/45 f. 31
45,39,Thomas Harte,sub,ss,male,The National Archives,SP 14,SP 14/45 f. 31
46,39,Robert Garrett,sub,ss,male,The National Archives,SP 14,SP 14/45 f. 31
47,39,Thomas Ruddes,sub,ss,male,The National Archives,SP 14,SP 14/45 f. 31
48,39,Henry Goodin,sub,ss,male,The National Archives,SP 14,SP 14/45 f. 31
49,39,William Tatam,sub,ss,male,The National Archives,SP 14,SP 14/45 f. 31
50,39,Jeames Trapone,sub,ss,male,The National Archives,SP 14,SP 14/45 f. 31
51,39,Christopher Teddyman,sub,ss,male,The National Archives,SP 14,SP 14/45 f. 31
52,39,Eleazer Kerten,sub,ss,male,The National Archives,SP 14,SP 14/45 f. 31
53,39,Lawrence Gilbert,sub,ss,male,The National Archives,SP 14,SP 14/45 f. 31
54,39,Edward Butler,sub,ss,male,The National Archives,SP 14,SP 14/45 f. 31
55,39,William Dettiman,sub,ss,male,The National Archives,SP 14,SP 14/45 f. 31
56,39,Thomas Reader,sub,ss,male,The National Archives,SP 14,SP 14/45 f. 31
57,39,William Tadnall,sub,ss,male,The National Archives,SP 14,SP 14/45 f. 31
58,39,Richard Neales,sub,ss,male,The National Archives,SP 14,SP 14/45 f. 31
59,39,Jeames Yonge,sub,ss,male,The National Archives,SP 14,SP 14/45 f. 31
60,39,Jeames Strayle,sub,ss,male,The National Archives,SP 14,SP 14/45 f. 31
61,39,George Bever,sub,ss,male,The National Archives,SP 14,SP 14/45 f. 31
62,39,[John?] Doves,sub,ss,male,The National Archives,SP 14,SP 14/45 f. 31
63,39,[Ja...?] Trapham,sub,ss,unknown,The National Archives,SP 14,SP 14/45 f. 31
64,39,Michell Gilbard,sub,ss,male,The National Archives,SP 14,SP 14/45 f. 31
65,39,Daniell Kerten,sub,ss,male,The National Archives,SP 14,SP 14/45 f. 31
66,39,Bartholomewe Smyth,sub,ss,male,The National Archives,SP 14,SP 14/45 f. 31
67,39,William Penne,sub,ss,male,The National Archives,SP 14,SP 14/45 f. 31
68,39,Michell Wallop,sub,ss,male,The National Archives,SP 14,SP 14/45 f. 31
69,39,Lawrence Gilberd,sub,ss,male,The National Archives,SP 14,SP 14/45 f. 31
70,39,Raphe Pascall,sub,ss,male,The National Archives,SP 14,SP 14/45 f. 31
71,39,William Wood,sub,ss,male,The National Archives,SP 14,SP 14/45 f. 31
72,39,John Davies,sub,ss,male,The National Archives,SP 14,SP 14/45 f. 31
73,39,William Eaton,sub,ss,male,The National Archives,SP 14,SP 14/45 f. 31
74,39,William Earle,sub,ss,male,The National Archives,SP 14,SP 14/45 f. 31
75,39,John Jacob,sub,ss,male,The National Archives,SP 14,SP 14/45 f. 31
76,39,John Lucas,sub,ss,male,The National Archives,SP 14,SP 14/45 f. 31
77,39,Stephen Awsten,sub,ss,male,The National Archives,SP 14,SP 14/45 f. 31
78,39,Richard Sissely,sub,ss,male,The National Archives,SP 14,SP 14/45 f. 31
79,39,John Tooke,sub,ss,male,The National Archives,SP 14,SP 14/45 f. 31
80,39,Jeames Sawle,sub,ss,male,The National Archives,SP 14,SP 14/45 f. 31
81,39,Symon Jurden,sub,ss,male,The National Archives,SP 14,SP 14/45 f. 31
82,39,John Tayler,sub,ss,male,The National Archives,SP 14,SP 14/45 f. 31
83,39,Jeames Harris,sub,ss,male,The National Archives,SP 14,SP 14/45 f. 31
84,39,Robert Eaton,sub,ss,male,The National Archives,SP 14,SP 14/45 f. 31
85,39,William Tompson,sub,ss,male,The National Archives,SP 14,SP 14/45 f. 31
86,39,John Goodin,sub,ss,male,The National Archives,SP 14,SP 14/45 f. 31
87,39,John Perkin,sub,ss,male,The National Archives,SP 14,SP 14/45 f. 31
88,39,Robert Browne,sub,ss,male,The National Archives,SP 14,SP 14/45 f. 31
89,39,Cornelius [Nocke?],sub,ss,male,The National Archives,SP 14,SP 14/45 f. 31
90,39,John Woodgreene,sub,ss,male,The National Archives,SP 14,SP 14/45 f. 31
91,39,Timothie Harte,sub,ss,male,The National Archives,SP 14,SP 14/45 f. 31
92,39,John Neales,sub,ss,male,The National Archives,SP 14,SP 14/45 f. 31
93,39,Richard Finnis,sub,ss,male,The National Archives,SP 14,SP 14/45 f. 31
94,39,William Baker,sub,ss,male,The National Archives,SP 14,SP 14/45 f. 31
95,39,Henry Sarjant,sub,ss,male,The National Archives,SP 14,SP 14/45 f. 31
96,39,Thomas Morris,sub,ss,male,The National Archives,SP 14,SP 14/45 f. 31
97,39,Thomas Palmer,sub,ss,male,The National Archives,SP 14,SP 14/45 f. 31
98,39,John Serjant,sub,ss,male,The National Archives,SP 14,SP 14/45 f. 31
99,39,Marke Serjant,sub,ss,male,The National Archives,SP 14,SP 14/45 f. 31
100,39,Roberte serjant,sub,ss,male,The National Archives,SP 14,SP 14/45 f. 31
101,39,John Bailie,sub,ss,male,The National Archives,SP 14,SP 14/45 f. 31
102,39,Edward Tanner,sub,ss,male,The National Archives,SP 14,SP 14/45 f. 31
103,39,Grumbard Standmore,sub,ss,unknown,The National Archives,SP 14,SP 14/45 f. 31
104,39,Henry Wayte,sub,ss,male,The National Archives,SP 14,SP 14/45 f. 31
105,39,William Palmer,sub,ss,male,The National Archives,SP 14,SP 14/45 f. 31
106,39,Henry Swayne,sub,ss,male,The National Archives,SP 14,SP 14/45 f. 31
107,39,Robert Swayne junior,sub,ss,male,The National Archives,SP 14,SP 14/45 f. 31
108,39,Thomas Hudson,sub,ss,male,The National Archives,SP 14,SP 14/45 f. 31
109,39,Richard Hudson,sub,ss,male,The National Archives,SP 14,SP 14/45 f. 31
110,39,Peeter Hudson,sub,ss,male,The National Archives,SP 14,SP 14/45 f. 31
111,39,Thomas Wallop,sub,ss,male,The National Archives,SP 14,SP 14/45 f. 31
112,39,John Wallop,sub,ss,male,The National Archives,SP 14,SP 14/45 f. 31
113,39,Thomas Bates,sub,ss,male,The National Archives,SP 14,SP 14/45 f. 31
114,39,John Miller,sub,ss,male,The National Archives,SP 14,SP 14/45 f. 31
115,39,Thomas Kennett,sub,ss,male,The National Archives,SP 14,SP 14/45 f. 31
116,39,Andrew [Cleese?],sub,ss,male,The National Archives,SP 14,SP 14/45 f. 31
117,39,John Christopher,sub,ss,male,The National Archives,SP 14,SP 14/45 f. 31
118,39,Thomas Baker,sub,ss,male,The National Archives,SP 14,SP 14/45 f. 31
119,39,Henry Tedtiman,sub,ss,male,The National Archives,SP 14,SP 14/45 f. 31
120,39,John Teddiman,sub,ss,male,The National Archives,SP 14,SP 14/45 f. 31
121,39,William Teddiman,sub,ss,male,The National Archives,SP 14,SP 14/45 f. 31
122,39,Salomon Harvey,sub,ss,male,The National Archives,SP 14,SP 14/45 f. 31
123,39,Silvester Wood,sub,ss,male,The National Archives,SP 14,SP 14/45 f. 31
124,39,Richard [Chistopher?],sub,ss,male,The National Archives,SP 14,SP 14/45 f. 31
125,39,John Miller,sub,ss,male,The National Archives,SP 14,SP 14/45 f. 31
126,40,[J?] Gower,sub,sig,unknown,The National Archives,SP 14,SP 14/52 f. 30
127,40,Richard Grevis,sub,sig,male,The National Archives,SP 14,SP 14/52 f. 30
128,40,Georg Midlemore,sub,sig,male,The National Archives,SP 14,SP 14/52 f. 30
129,40,Samuell Gower,sub,sig,male,The National Archives,SP 14,SP 14/52 f. 30
130,40,[Edmund?] Benton,sub,sig,male,The National Archives,SP 14,SP 14/52 f. 30
131,40,Thomas Gandye,sub,sig,male,The National Archives,SP 14,SP 14/52 f. 30
132,40,William Collens,sub,sig,male,The National Archives,SP 14,SP 14/52 f. 30
133,40,John Norton,sub,sig,male,The National Archives,SP 14,SP 14/52 f. 30
134,40,William Fielde,sub,sig,male,The National Archives,SP 14,SP 14/52 f. 30
135,40,William Greves,sub,sig,male,The National Archives,SP 14,SP 14/52 f. 30
136,40,Richard Feeld,sub,sig,male,The National Archives,SP 14,SP 14/52 f. 30
137,40,Thomas Lyndon,sub,sig,male,The National Archives,SP 14,SP 14/52 f. 30
138,40,John Lyndon,sub,sig,male,The National Archives,SP 14,SP 14/52 f. 30
139,40,Thomas Fytter,sub,sig,male,The National Archives,SP 14,SP 14/52 f. 30
140,40,William Fyttour,sub,sig,male,The National Archives,SP 14,SP 14/52 f. 30
141,40,John Newey,sub,sig,male,The National Archives,SP 14,SP 14/52 f. 30
142,40,Edward [Wenand?],sub,sig,male,The National Archives,SP 14,SP 14/52 f. 30
143,40,Thomas Fielde,sub,sig,male,The National Archives,SP 14,SP 14/52 f. 30
144,40,Edward Sergeant,sub,sig,male,The National Archives,SP 14,SP 14/52 f. 30
145,40,Thomas Lea,sub,sig,male,The National Archives,SP 14,SP 14/52 f. 30
146,40,Balwyne Lyndon,sub,sig,unknown,The National Archives,SP 14,SP 14/52 f. 30
147,40,William Sergeant,sub,sig,male,The National Archives,SP 14,SP 14/52 f. 30
148,40,John More,sub,sig,male,The National Archives,SP 14,SP 14/52 f. 30
149,40,Walter Rolten,sub,sig,male,The National Archives,SP 14,SP 14/52 f. 30
150,40,John Swyfte,sub,sig,male,The National Archives,SP 14,SP 14/52 f. 30
151,40,John Bidele,sub,sig,male,The National Archives,SP 14,SP 14/52 f. 30
152,40,Thomas Swyfte,sub,sig,male,The National Archives,SP 14,SP 14/52 f. 30
153,40,George Field,sub,sig,male,The National Archives,SP 14,SP 14/52 f. 30
154,40,John Greves,sub,sig,male,The National Archives,SP 14,SP 14/52 f. 30
155,40,Thomas [Carter?],sub,sig,male,The National Archives,SP 14,SP 14/52 f. 30
156,40,Richard Poole,sub,sig,male,The National Archives,SP 14,SP 14/52 f. 30
157,40,John Roper,sub,sig,male,The National Archives,SP 14,SP 14/52 f. 30
158,40,Edward Fielde,sub,sig,male,The National Archives,SP 14,SP 14/52 f. 30
159,40,John Richardes,sub,sig,male,The National Archives,SP 14,SP 14/52 f. 30
160,40,William Bissell,sub,sig,male,The National Archives,SP 14,SP 14/52 f. 30
161,40,Stephen Harrison,sub,sig,male,The National Archives,SP 14,SP 14/52 f. 30
162,40,Eddward Fielde,sub,sig,male,The National Archives,SP 14,SP 14/52 f. 30
163,41,John Daniell esquier,petr,,male,The National Archives,SP 14,SP 14/52 f. 43
164,43,Richard Assheton knighte,petr,,male,The National Archives,SP 14,SP 14/53 f. 81
165,47,Anthony Ashley,petr,,male,The National Archives,SP 14,SP 14/61 f. 81
166,44,Thomas Fortescue esquier,petr,,male,The National Archives,SP 14,SP 14/61 f. 107
167,45,Robert Swinglehurst,petr,,male,The National Archives,SP 14,SP 14/61 f. 128
168,45,John Proctor,petr,,male,The National Archives,SP 14,SP 14/61 f. 128
169,46,Robert Stewart,petr,,male,The National Archives,SP 14,SP 14/61 f. 192
170,50,Robert Meverell esquire,petr,,male,The National Archives,SP 14,SP 14/68 f. 72
171,48,Agnes Appleby the poore d,petr,,female,The National Archives,SP 14,SP 14/68 f. 185
172,51,Thomas Wilson,petr,ss,male,The National Archives,SP 14,SP 14/69 f. 105
173,52,unnamed_male official,petr,,male,The National Archives,SP 14,SP 14/72 f. 11
174,53,Roger Bassett,petr,,male,The National Archives,SP 14,SP 14/72 f. 184
175,54,George Brabant,petr,,male,The National Archives,SP 14,SP 14/75 f. 50
176,54,Richard Dighton,petr,,male,The National Archives,SP 14,SP 14/75 f. 50
177,55,David Dromounde your maje,petr,,male,The National Archives,SP 14,SP 14/75 f. 92
178,56,Julius Watson of Congesto,petr,,male,The National Archives,SP 14,SP 14/77 f. 15
179,57,Samuell Willingham clerk,petr,,male,The National Archives,SP 14,SP 14/77 f. 29
180,58,Robert Lathorpe,petr,,male,The National Archives,SP 14,SP 14/78 f. 164
181,61,Thomas Chaloner gentleman,petr,,male,The National Archives,SP 14,SP 14/80 f. 59
182,60,William Turner,sub,ss,male,The National Archives,SP 14,SP 14/80 f. 201
183,60,[Rust?] Bennett,sub,ss,unknown,The National Archives,SP 14,SP 14/80 f. 201
184,60,William Johnson,sub,ss,male,The National Archives,SP 14,SP 14/80 f. 201
185,60,Thomas Eyre,sub,ss,male,The National Archives,SP 14,SP 14/80 f. 201
186,60,Thomas Dangerfeold,sub,ss,male,The National Archives,SP 14,SP 14/80 f. 201
187,60,Timothy Stephens,sub,ss,male,The National Archives,SP 14,SP 14/80 f. 201
188,60,Edward Foord,sub,ss,male,The National Archives,SP 14,SP 14/80 f. 201
189,60,Jhon Wiseman,sub,ss,male,The National Archives,SP 14,SP 14/80 f. 201
190,60,Robert Angell,sub,ss,male,The National Archives,SP 14,SP 14/80 f. 201
191,60,Ralphe House,sub,ss,male,The National Archives,SP 14,SP 14/80 f. 201
192,60,Robert Jeffrais,sub,ss,male,The National Archives,SP 14,SP 14/80 f. 201
193,60,Richard Bladwell,sub,ss,male,The National Archives,SP 14,SP 14/80 f. 201
194,60,Thomas Smith,sub,ss,male,The National Archives,SP 14,SP 14/80 f. 201
195,60,Hugh Perrey,sub,ss,male,The National Archives,SP 14,SP 14/80 f. 201
196,60,Edward Perrey,sub,ss,male,The National Archives,SP 14,SP 14/80 f. 201
197,60,Edward Missleden,sub,ss,male,The National Archives,SP 14,SP 14/80 f. 201
198,60,Stephen Burton,sub,ss,male,The National Archives,SP 14,SP 14/80 f. 201
199,60,Francis Mann,sub,ss,male,The National Archives,SP 14,SP 14/80 f. 201
200,60,Thomas Eyans,sub,ss,male,The National Archives,SP 14,SP 14/80 f. 201
201,60,Ralph Flower,sub,ss,male,The National Archives,SP 14,SP 14/80 f. 201
202,60,Thomas Cleave,sub,ss,male,The National Archives,SP 14,SP 14/80 f. 201
203,60,John Kendrick,sub,ss,male,The National Archives,SP 14,SP 14/80 f. 201
204,60,Robert Palmer,sub,ss,male,The National Archives,SP 14,SP 14/80 f. 201
205,60,Theophilus Brereton,sub,ss,male,The National Archives,SP 14,SP 14/80 f. 201
206,60,Robert Duey,sub,ss,male,The National Archives,SP 14,SP 14/80 f. 201
207,60,William Hawkins,sub,ss,male,The National Archives,SP 14,SP 14/80 f. 201
208,60,Humphrey Berington,sub,ss,male,The National Archives,SP 14,SP 14/80 f. 201
209,60,[J Leawetten?],sub,ss,unknown,The National Archives,SP 14,SP 14/80 f. 201
210,60,Garthrop Manninges,sub,ss,unknown,The National Archives,SP 14,SP 14/80 f. 201
211,60,[J?] Ferrares,sub,ss,unknown,The National Archives,SP 14,SP 14/80 f. 201
212,60,Nicholas Buckeridge,sub,ss,male,The National Archives,SP 14,SP 14/80 f. 201
213,60,Thomas Browne,sub,ss,male,The National Archives,SP 14,SP 14/80 f. 201
214,60,William Robinson,sub,ss,male,The National Archives,SP 14,SP 14/80 f. 201
215,60,William Johnes,sub,ss,male,The National Archives,SP 14,SP 14/80 f. 201
216,60,Anthony Stubbs,sub,ss,male,The National Archives,SP 14,SP 14/80 f. 201
217,60,J. Holland,sub,ss,unknown,The National Archives,SP 14,SP 14/80 f. 201
218,60,Francis Bembo,sub,ss,male,The National Archives,SP 14,SP 14/80 f. 201
219,60,Robert Aubrey,sub,ss,male,The National Archives,SP 14,SP 14/80 f. 201
220,60,J. Thorne,sub,ss,unknown,The National Archives,SP 14,SP 14/80 f. 201
221,60,Thomas Eastcourt,sub,ss,male,The National Archives,SP 14,SP 14/80 f. 201
222,60,Daniel Wates,sub,ss,male,The National Archives,SP 14,SP 14/80 f. 201
223,60,Marmaduke Reckock,sub,ss,male,The National Archives,SP 14,SP 14/80 f. 201
224,60,Isaac Jhones,sub,ss,male,The National Archives,SP 14,SP 14/80 f. 201
225,60,Robert Croft,sub,ss,male,The National Archives,SP 14,SP 14/80 f. 201
226,60,Thomas Brownest,sub,ss,male,The National Archives,SP 14,SP 14/80 f. 201
227,60,George Bray,sub,ss,male,The National Archives,SP 14,SP 14/80 f. 201
228,62,Martyn Lumley cittizen al,petr,,male,The National Archives,SP 14,SP 14/81 f. 25
229,65,Robert Godfrey sonne of W,petr,,male,The National Archives,SP 14,SP 14/86 f. 24
230,63,Thomas Mullins,petr,,male,The National Archives,SP 14,SP 14/86 f. 108
231,64,Andrew Rand,petr,,male,The National Archives,SP 14,SP 14/86 f. 125
232,64,John Rand of Deale marrin,petr,,male,The National Archives,SP 14,SP 14/86 f. 125
233,68,Mathew Poker,petr,,male,The National Archives,SP 14,SP 14/90 f. 16
234,70,Mathew Poker,behalf,,male,The National Archives,SP 14,SP 14/90 f. 74
235,70,Margerye Bredgate the gra,petr,,female,The National Archives,SP 14,SP 14/90 f. 74
236,70,Elizabeth Poker the mothe,petr,,female,The National Archives,SP 14,SP 14/90 f. 74
237,67,John Clavell esquier,petr,,male,The National Archives,SP 14,SP 14/90 f. 120
238,69,Henry Gibbe,petr,,male,The National Archives,SP 14,SP 14/90 f. 222
239,71,John Folkingham clerk,petr,,male,The National Archives,SP 14,SP 14/95 f. 125
240,72,Thomas Napleton of Fevers,petr,,male,The National Archives,SP 14,SP 14/96 f. 165
241,74,William Brereton,petr,,male,The National Archives,SP 46,SP 46/70 f. 164
242,76,Paule Vinion,petr,,male,The National Archives,SP 14,SP 14/105 f. 25
243,78,Thomas Stewarde,sub,sig,male,The National Archives,SP 14,SP 14/105 f. 72
244,78,John Cotton,sub,sig,male,The National Archives,SP 14,SP 14/105 f. 72
245,78,Jhon Cuttes,sub,sig,male,The National Archives,SP 14,SP 14/105 f. 72
246,78,[illegible],sub,sig,unknown,The National Archives,SP 14,SP 14/105 f. 72
247,78,Richard [Cohers?],sub,sig,male,The National Archives,SP 14,SP 14/105 f. 72
248,78,John [Cage?],sub,sig,male,The National Archives,SP 14,SP 14/105 f. 72
249,78,Henry Caesar,sub,sig,male,The National Archives,SP 14,SP 14/105 f. 72
250,78,Edward Hind:,sub,sig,male,The National Archives,SP 14,SP 14/105 f. 72
251,78,William Wendyes,sub,sig,male,The National Archives,SP 14,SP 14/105 f. 72
252,78,William [Branthearst?] [illegible],sub,sig,male,The National Archives,SP 14,SP 14/105 f. 72
253,78,John Richardson,sub,sig,male,The National Archives,SP 14,SP 14/105 f. 72
254,78,Henry Smith,sub,sig,male,The National Archives,SP 14,SP 14/105 f. 72
255,78,John Croply,sub,sig,male,The National Archives,SP 14,SP 14/105 f. 72
256,78,Francisse Brakin,sub,sig,male,The National Archives,SP 14,SP 14/105 f. 72
257,78,Henrye Vernon,sub,sig,male,The National Archives,SP 14,SP 14/105 f. 72
258,78,Henry Binge,sub,sig,male,The National Archives,SP 14,SP 14/105 f. 72
259,78,Isake Barrow,sub,sig,male,The National Archives,SP 14,SP 14/105 f. 72
260,78,John Durant maior of Cambridg:,sub,sig,male,The National Archives,SP 14,SP 14/105 f. 72
261,78,Richard Willis,sub,sig,male,The National Archives,SP 14,SP 14/105 f. 72
262,78,Robert Clincher,sub,sig,male,The National Archives,SP 14,SP 14/105 f. 72
263,78,Edward Roxton,sub,sig,male,The National Archives,SP 14,SP 14/105 f. 72
264,78,Daniel Wigmore,sub,sig,male,The National Archives,SP 14,SP 14/105 f. 72
265,78,Daniell Goodrick,sub,sig,male,The National Archives,SP 14,SP 14/105 f. 72
266,78,[illegible],sub,sig,unknown,The National Archives,SP 14,SP 14/105 f. 72
267,78,Thomas Goodricke,sub,sig,male,The National Archives,SP 14,SP 14/105 f. 72
268,78,Henry [Upehor?],sub,sig,male,The National Archives,SP 14,SP 14/105 f. 72
269,78,John Orwell,sub,sig,male,The National Archives,SP 14,SP 14/105 f. 72
270,75,David Sampson a poore lab,petr,,male,The National Archives,SP 14,SP 14/105 f. 104
271,79,John Edwardes esquier now,petr,,male,The National Archives,SP 14,SP 14/112 f. 11
272,81,John Thorneton of Lydd ye,petr,,male,The National Archives,SP 14,SP 14/112 f. 80
273,82,Phillip Jones citizen mer,petr,,male,The National Archives,SP 14,SP 14/112 f. 88
274,85,John Dawson stationer of,petr,,male,The National Archives,SP 14,SP 14/119 f. 68
275,86,Giles Waters,petr,,male,The National Archives,SP 14,SP 14/119 f. 97
276,83,Edward Harwaid late a poo,petr,,male,The National Archives,SP 14,SP 14/119 f. 129
277,88,Mary Buckley widow,petr,,female,The National Archives,SP 14,SP 14/127 f. 75
278,89,John Houlter,petr,,male,The National Archives,SP 14,SP 14/127 f. 89
279,90,Thomas Jenman,petr,,male,The National Archives,SP 14,SP 14/127 f. 90
280,93,Hugo Vanmerof,petr,,male,The National Archives,SP 14,SP 14/138 f. 2
281,93,Jacob de the Wryter,petr,,male,The National Archives,SP 14,SP 14/138 f. 2
282,94,Katharine Mompesson,petr,,female,The National Archives,SP 14,SP 14/138 f. 76
283,91,William Andrew,petr,,male,The National Archives,SP 14,SP 14/138 f. 103
284,91,John Carnaby,petr,,male,The National Archives,SP 14,SP 14/138 f. 103
285,91,John Martin,petr,,male,The National Archives,SP 14,SP 14/138 f. 103
286,91,Thomas Muninge mariners,petr,,male,The National Archives,SP 14,SP 14/138 f. 103
287,92,Edward Nicholas,petr,,male,The National Archives,SP 14,SP 14/138 f. 182
288,95,Raphe Farmer,petr,sig,male,The National Archives,SP 14,SP 14/158 f. 15
289,96,Thomas Austyn gentleman,petr,,male,The National Archives,SP 14,SP 14/158 f. 97
290,97,John Hanmer doctor in div,petr,,male,The National Archives,SP 14,SP 14/159 f. 2
291,98,Arthur Newman prisoner at,petr,,male,The National Archives,SP 46,SP 46/164 f. 102
292,99,Thomas Bedam a poore cond,petr,,male,The National Archives,SP 14,SP 14/181 f. 24
293,102,Rychard Gyffard,petr,,male,The National Archives,SP 14,SP 14/182 f. 95
294,103,Charles Aty,petr,,male,The National Archives,SP 16,SP 16/18 f. 24
295,105,John Gyles,sub,ss,male,The National Archives,SP 16,SP 16/18 f. 46
296,105,John Collman,sub,ss,male,The National Archives,SP 16,SP 16/18 f. 46
297,105,Richard Girling,sub,ss,male,The National Archives,SP 16,SP 16/18 f. 46
298,105,James [Lochonhon?],sub,ss,male,The National Archives,SP 16,SP 16/18 f. 46
299,105,William Stein,sub,ss,male,The National Archives,SP 16,SP 16/18 f. 46
300,105,[Stin S.inter?],sub,ss,unknown,The National Archives,SP 16,SP 16/18 f. 46
301,106,John Pulford esquire,petr,,male,The National Archives,SP 16,SP 16/523 f. 11
302,107,Dudly Diggs knight prison,petr,,male,The National Archives,SP 16,SP 16/47 f. 10
303,108,Peter Canon your graces s,petr,,male,The National Archives,SP 16,SP 16/47 f. 14
304,109,Robert Killigrew knight c,petr,,male,The National Archives,SP 16,SP 16/49 f. 10
305,110,James Wallace Scotsman,petr,,male,The National Archives,SP 16,SP 16/49 f. 16
306,113,Simeon Fincham,petr,sig,male,The National Archives,SP 16,SP 16/90 f. 82
307,113,John Dover prisoners in t,petr,sig,male,The National Archives,SP 16,SP 16/90 f. 82
308,112,John Andrewes gunner,petr,,male,The National Archives,SP 16,SP 16/90 f. 117
309,114,William Sneades,petr,,male,The National Archives,SP 16,SP 16/91 f. 45
310,111,John Cooke esquier keeper,petr,,male,The National Archives,SP 16,SP 16/528 f. 17
311,116,Allen Appesley knight lie,petr,,male,The National Archives,SP 16,SP 16/131 f. 4
312,117,David Ramsey your majesti,petr,,male,The National Archives,SP 16,SP 16/131 f. 6
313,118,John Bishoppe of Worceste,petr,,male,The National Archives,SP 16,SP 16/131 f. 7
314,115,Hugh Perry,petr,,male,The National Archives,SP 16,SP 16/131 f. 13
315,115,Thomas Eyans,petr,,male,The National Archives,SP 16,SP 16/131 f. 13
316,115,John Hide,petr,,male,The National Archives,SP 16,SP 16/131 f. 13
317,122,Thomas Rumny of Chatham s,petr,,male,The National Archives,SP 16,SP 16/158 f. 6
318,119,William Romney carpenters,petr,,male,The National Archives,SP 16,SP 16/158 f. 30
319,120,Thomas Squire publiq nota,petr,,male,The National Archives,SP 16,SP 16/158 f. 37
320,121,Briant Winne purser of hi,petr,,male,The National Archives,SP 16,SP 16/158 f. 44
321,123,Richard Graham knight bar,petr,,male,The National Archives,SP 16,SP 16/182 f. 1
322,124,Joseph Harrison,petr,,male,The National Archives,SP 16,SP 16/182 f. 10
323,124,Henry Goodwin gentleman,petr,,male,The National Archives,SP 16,SP 16/182 f. 10
324,125,Ellin Charlton a poore di,petr,,female,The National Archives,SP 16,SP 16/182 f. 25b
325,126,William Russell knight ba,petr,,male,The National Archives,SP 16,SP 16/182 f. 50
326,127,Hugh Morrell,petr,,male,The National Archives,SP 16,SP 16/210 f. 14
327,127,Charles Snelling merchant,petr,,male,The National Archives,SP 16,SP 16/210 f. 14
328,128,Benjamyn Couper his majes,petr,,male,The National Archives,SP 16,SP 16/210 f. 23
329,130,John Delbridge of Barnest,petr,,male,The National Archives,SP 16,SP 16/210 f. 34
330,133,Thomas Canon knight,petr,,male,The National Archives,SP 16,SP 16/231 f. 8
331,134,Thomas Canon knight,petr,,male,The National Archives,SP 16,SP 16/231 f. 9
332,131,Phillip Clarkson,petr,,male,The National Archives,SP 16,SP 16/231 f. 14
333,132,John Waterman cappenter o,petr,,male,The National Archives,SP 16,SP 16/231 f. 31
334,135,Richard King,petr,,male,The National Archives,SP 16,SP 16/258 f. 13
335,136,William Thomas purser of,petr,,male,The National Archives,SP 16,SP 16/258 f. 15
336,137,Charles Hawkins,petr,,male,The National Archives,SP 16,SP 16/258 f. 29
337,138,John Suckliff your majest,petr,,male,The National Archives,SP 16,SP 16/258 f. 42
338,139,John Bridgehampton alias,petr,,male,The National Archives,SP 16,SP 16/282 f. 14
339,140,Thomas Askew water baylif,petr,sig,male,The National Archives,SP 16,SP 16/282 f. 57
340,142,Nathaniell Edwardes,petr,,male,The National Archives,SP 16,SP 16/282 f. 69
341,142,William Cane,petr,,male,The National Archives,SP 16,SP 16/282 f. 69
342,142,Robert Seaman,petr,,male,The National Archives,SP 16,SP 16/282 f. 69
343,143,Milicent Birkenhead widdo,petr,,female,The National Archives,SP 16,SP 16/311 f. 32
344,143,Patrick Crayford,petr,,male,The National Archives,SP 16,SP 16/311 f. 32
345,143,Edward Thorowg...?,petr,,male,The National Archives,SP 16,SP 16/311 f. 32
346,144,Thomas Chicheley high she,petr,,male,The National Archives,SP 16,SP 16/311 f. 54
347,145,John Mesurier of the isla,petr,,male,The National Archives,SP 16,SP 16/536 f. 1
348,146,William Hanson,petr,,male,The National Archives,SP 16,SP 16/536 f. 250
349,146,Henry Austen,petr,,male,The National Archives,SP 16,SP 16/536 f. 250
350,146,James Symonds,petr,,male,The National Archives,SP 16,SP 16/536 f. 250
351,146,Thomas Holt,petr,,male,The National Archives,SP 16,SP 16/536 f. 250
352,147,Phillip Earl of Chesterfe,petr,,male,The National Archives,SP 16,SP 16/343 f. 12
353,149,William Shelly,petr,,male,The National Archives,SP 16,SP 16/343 f. 80
354,150,Thomas Gibbs prisoner in,petr,,male,The National Archives,SP 16,SP 16/343 f. 87
355,151,John Dixon of Ipswich lab,petr,,male,The National Archives,SP 16,SP 16/378 f. 15
356,152,Robert Buckley,petr,,male,The National Archives,SP 16,SP 16/378 f. 19
357,152,Margarett Buckley destres,petr,,female,The National Archives,SP 16,SP 16/378 f. 19
358,153,William Carne esquier,petr,,male,The National Archives,SP 16,SP 16/378 f. 21
359,154,John Leaver,petr,,male,The National Archives,SP 16,SP 16/378 f. 89
360,155,Alexander Hume your faith,petr,,male,The National Archives,SP 16,SP 16/403 f. 22
361,156,William Brookinge a poore,petr,,male,The National Archives,SP 16,SP 16/409 f. 20
362,157,William Stanbuoy,sub,sig,male,The National Archives,SP 16,SP 16/409 f. 22
363,157,Francis [Norsworthy?],sub,sig,male,The National Archives,SP 16,SP 16/409 f. 22
364,157,Christopher [Deet?],sub,sig,male,The National Archives,SP 16,SP 16/409 f. 22
365,157,George Randell,sub,sig,male,The National Archives,SP 16,SP 16/409 f. 22
366,157,John Michell,sub,sig,male,The National Archives,SP 16,SP 16/409 f. 22
367,157,John Jago,sub,sig,male,The National Archives,SP 16,SP 16/409 f. 22
368,157,Everard Edmondes,sub,sig,male,The National Archives,SP 16,SP 16/409 f. 22
369,157,Edward Grosse,sub,sig,male,The National Archives,SP 16,SP 16/409 f. 22
370,157,John [Haweis?],sub,sig,male,The National Archives,SP 16,SP 16/409 f. 22
371,157,George [illegible],sub,sig,male,The National Archives,SP 16,SP 16/409 f. 22
372,157,William Randall,sub,sig,male,The National Archives,SP 16,SP 16/409 f. 22
373,157,John Prowse,sub,sig,male,The National Archives,SP 16,SP 16/409 f. 22
374,157,John Michell,sub,sig,male,The National Archives,SP 16,SP 16/409 f. 22
375,157,Ferdinand Hobs,sub,sig,male,The National Archives,SP 16,SP 16/409 f. 22
376,157,Richard Lobb,sub,sig,male,The National Archives,SP 16,SP 16/409 f. 22
377,157,Rawlyng [Tankyng?],sub,sig,unknown,The National Archives,SP 16,SP 16/409 f. 22
378,157,Daniell [Cyell?] mayor,sub,sig,male,The National Archives,SP 16,SP 16/409 f. 22
379,157,Richard Ley [illegible],sub,sig,male,The National Archives,SP 16,SP 16/409 f. 22
380,157,Simon Prust,sub,sig,male,The National Archives,SP 16,SP 16/409 f. 22
381,157,Edward Castle,sub,sig,male,The National Archives,SP 16,SP 16/409 f. 22
382,157,John Chattey,sub,sig,male,The National Archives,SP 16,SP 16/409 f. 22
383,157,Tobias Browne,sub,sig,male,The National Archives,SP 16,SP 16/409 f. 22
384,157,William Sprye,sub,sig,male,The National Archives,SP 16,SP 16/409 f. 22
385,157,James [Tromearme?],sub,sig,male,The National Archives,SP 16,SP 16/409 f. 22
386,157,Henrie [Trewothnon?],sub,sig,male,The National Archives,SP 16,SP 16/409 f. 22
387,157,William Williams,sub,sig,male,The National Archives,SP 16,SP 16/409 f. 22
388,157,Thomas Drake,sub,sig,male,The National Archives,SP 16,SP 16/409 f. 22
389,157,John Dingle,sub,sig,male,The National Archives,SP 16,SP 16/409 f. 22
390,157,John Grenfielde,sub,sig,male,The National Archives,SP 16,SP 16/409 f. 22
391,157,Nicholas Flemminge,sub,sig,male,The National Archives,SP 16,SP 16/409 f. 22
392,157,Balthazar Burgess,sub,sig,male,The National Archives,SP 16,SP 16/409 f. 22
393,157,[Brian?] Biscawen,sub,sig,male,The National Archives,SP 16,SP 16/409 f. 22
394,157,Thomas Polwheile,sub,sig,male,The National Archives,SP 16,SP 16/409 f. 22
395,157,George Phippon clerk,sub,sig,male,The National Archives,SP 16,SP 16/409 f. 22
396,157,Richard Wallis,sub,sig,male,The National Archives,SP 16,SP 16/409 f. 22
397,157,Richard Symon,sub,sig,male,The National Archives,SP 16,SP 16/409 f. 22
398,157,Walter Nicholl mayor of [Liskard?],sub,sig,male,The National Archives,SP 16,SP 16/409 f. 22
399,157,Thomas Clies,sub,sig,male,The National Archives,SP 16,SP 16/409 f. 22
400,157,Richard Harris,sub,sig,male,The National Archives,SP 16,SP 16/409 f. 22
401,157,John Burgess,sub,sig,male,The National Archives,SP 16,SP 16/409 f. 22
402,158,Henry Coghill esquier,petr,,male,The National Archives,SP 16,SP 16/409 f. 80
403,159,subjects,petr,,unknown,The National Archives,SP 16,SP 16/403 f. 82
404,161,Edmund Chapman your majes,petr,,male,The National Archives,SP 16,SP 16/441 f. 14
405,162,John Wilkinson,petr,,male,The National Archives,SP 16,SP 16/441 f. 41
406,160,Thomas Holt,petr,,male,The National Archives,SP 16,SP 16/441 f. 135
407,160,Edward Holt his eldest so,petr,,male,The National Archives,SP 16,SP 16/441 f. 135
408,160,Elizabeth wife of the sai,petr,,female,The National Archives,SP 16,SP 16/441 f. 135
409,165,Peter Archer,petr,,male,The National Archives,SP 16,SP 16/476 f. 72
410,166,Mary Edd widdow,petr,,female,The National Archives,SP 16,SP 16/476 f. 89
411,163,John Mereditt? gentleman,petr,,male,The National Archives,SP 16,SP 16/476 f. 123
412,164,Robert Milleran infant,behalf,,male,The National Archives,SP 16,SP 16/476 f. 130
413,164,Humphrey Streeth? esquier,petr,,male,The National Archives,SP 16,SP 16/476 f. 130
414,168,Robert Long esquier,petr,,male,The National Archives,SP 16,SP 16/488 f. 97
415,167,William Russell barronet,petr,,male,The National Archives,SP 16,SP 16/488 f. 208
416,169,Thomas Danby gentleman un,petr,,male,The National Archives,SP 16,SP 16/489 f. 103
417,172,Rowland Wilson,sub,sig,male,The National Archives,SP 16,SP 16/497 f. 6
418,172,Thomas Jeninges,sub,sig,male,The National Archives,SP 16,SP 16/497 f. 6
419,172,Richard Leigh,sub,sig,male,The National Archives,SP 16,SP 16/497 f. 6
420,172,George Henley,sub,sig,male,The National Archives,SP 16,SP 16/497 f. 6
421,172,Henry [Hunt?],sub,sig,male,The National Archives,SP 16,SP 16/497 f. 6
422,172,Robart [Sheslen?],sub,sig,male,The National Archives,SP 16,SP 16/497 f. 6
423,172,Martin [Bradgate?],sub,sig,male,The National Archives,SP 16,SP 16/497 f. 6
424,172,Thomas [Bailey?],sub,sig,male,The National Archives,SP 16,SP 16/497 f. 6
425,172,[Semuell Lee?],sub,sig,male,The National Archives,SP 16,SP 16/497 f. 6
426,172,George Robinson,sub,sig,male,The National Archives,SP 16,SP 16/497 f. 6
427,172,John Hawkeridge,sub,sig,male,The National Archives,SP 16,SP 16/497 f. 6
428,172,Phillipp [Travors?],sub,sig,male,The National Archives,SP 16,SP 16/497 f. 6
429,172,Matthew Jenkenson,sub,sig,male,The National Archives,SP 16,SP 16/497 f. 6
430,172,William Methwold,sub,sig,male,The National Archives,SP 16,SP 16/497 f. 6
431,172,Theophilus Biddulph,sub,sig,male,The National Archives,SP 16,SP 16/497 f. 6
432,172,Henry [St John?],sub,sig,male,The National Archives,SP 16,SP 16/497 f. 6
433,172,John Wood,sub,sig,male,The National Archives,SP 16,SP 16/497 f. 6
434,172,George [Hanger?],sub,sig,male,The National Archives,SP 16,SP 16/497 f. 6
435,172,Thomas Lenthall,sub,sig,male,The National Archives,SP 16,SP 16/497 f. 6
436,172,Gregory Lemene,sub,sig,male,The National Archives,SP 16,SP 16/497 f. 6
437,172,Richard Davies,sub,sig,male,The National Archives,SP 16,SP 16/497 f. 6
438,172,Andrew [Binardes?],sub,sig,male,The National Archives,SP 16,SP 16/497 f. 6
439,172,James Gregorie,sub,sig,male,The National Archives,SP 16,SP 16/497 f. 6
440,172,George Jackson,sub,sig,male,The National Archives,SP 16,SP 16/497 f. 6
441,172,John Bewley,sub,sig,male,The National Archives,SP 16,SP 16/497 f. 6
442,172,Robart Garland,sub,sig,male,The National Archives,SP 16,SP 16/497 f. 6
443,172,Hamond Ward,sub,sig,male,The National Archives,SP 16,SP 16/497 f. 6
444,172,George Gyffard,sub,sig,male,The National Archives,SP 16,SP 16/497 f. 6
445,172,Joseph Brandes,sub,sig,male,The National Archives,SP 16,SP 16/497 f. 6
446,172,Robert Turner,sub,sig,male,The National Archives,SP 16,SP 16/497 f. 6
447,172,William Rennoldes,sub,sig,male,The National Archives,SP 16,SP 16/497 f. 6
448,172,John Dethick,sub,sig,male,The National Archives,SP 16,SP 16/497 f. 6
449,172,Thomas [Mard?],sub,sig,male,The National Archives,SP 16,SP 16/497 f. 6
450,172,Daniell Androwes,sub,sig,male,The National Archives,SP 16,SP 16/497 f. 6
451,172,William Moye,sub,sig,male,The National Archives,SP 16,SP 16/497 f. 6
452,172,Humfrey Hill,sub,sig,male,The National Archives,SP 16,SP 16/497 f. 6
453,173,Stiles Sowgate of Harwich,petr,sig,male,The National Archives,SP 16,SP 16/497 f. 9
454,171,Francis Pare of the paris,petr,,male,The National Archives,SP 16,SP 16/497 f. 34
455,171,Jeremiah Chansey,sub,m,male,The National Archives,SP 16,SP 16/497 f. 34
456,171,Thomas Robinson,sub,m,male,The National Archives,SP 16,SP 16/497 f. 34
457,171,Robert Foster,sub,m,male,The National Archives,SP 16,SP 16/497 f. 34
458,171,Marke Caxson,sub,m,male,The National Archives,SP 16,SP 16/497 f. 34
459,171,Richard [Harrisman?],sub,m,male,The National Archives,SP 16,SP 16/497 f. 34
460,171,Raph Ashby,sub,sig,male,The National Archives,SP 16,SP 16/497 f. 34
461,174,Thomas Millard gunners ma,petr,,male,The National Archives,SP 16,SP 16/497 f. 96
462,176,unnamed_female Gee,petr,,female,The National Archives,SP 16,SP 16/500 f. 91
463,175,Edmond Felton gentleman,petr,,male,The National Archives,SP 16,SP 16/500 f. 124
464,178,Robert Curtis master of t,petr,,male,The National Archives,SP 16,SP 16/501 f. 46
465,177,Richard Vickris of Bristo,petr,,male,The National Archives,SP 16,SP 16/501 f. 128
466,180,William Ryley Lancaster H,petr,,male,The National Archives,SP 16,SP 16/507 f. 15
467,179,John Welles clerke of the,petr,,male,The National Archives,SP 16,SP 16/507 f. 125
468,181,Richard [Barrwis?],sub,sig,male,The National Archives,SP 16,SP 16/507 f. 170
469,181,Thomas Lamplugh,sub,sig,male,The National Archives,SP 16,SP 16/507 f. 170
470,182,Phillips Newgion souldier,petr,,male,The National Archives,SP 16,SP 16/539/3 f. 48
471,183,Richard Crossing late of,petr,,male,The National Archives,SP 16,SP 16/513/2 f. 104
472,184,Robert Mawson one of Capt,petr,,male,The National Archives,SP 16,SP 16/539/3 f. 143
473,185,Christopher Milles,petr,,male,The National Archives,SP 16,SP 16/539/3 f. 153
474,186,Hester Whyte wyddowe of l,petr,,female,The National Archives,SP 16,SP 16/539/3 f. 169
475,186,William Bowkey,sub,sig,male,The National Archives,SP 16,SP 16/539/3 f. 169
476,186,Samuell Day,sub,sig,male,The National Archives,SP 16,SP 16/539/3 f. 169
477,186,John Chambers,sub,sig,male,The National Archives,SP 16,SP 16/539/3 f. 169
478,186,Alexander Dongan,sub,sig,male,The National Archives,SP 16,SP 16/539/3 f. 169
479,187,Henry Ellet,sub,ss,male,The National Archives,SP 16,SP 16/515/1 f. 53
480,187,Andrew Porter,sub,ss,male,The National Archives,SP 16,SP 16/515/1 f. 53
481,187,Henry Kebell,sub,ss,male,The National Archives,SP 16,SP 16/515/1 f. 53
482,187,Samuell Wiseman,sub,ss,male,The National Archives,SP 16,SP 16/515/1 f. 53
483,187,Edmond [Lever?],sub,ss,male,The National Archives,SP 16,SP 16/515/1 f. 53
484,187,Thomas [Casun?],sub,ss,male,The National Archives,SP 16,SP 16/515/1 f. 53
485,187,Robert Keble,sub,ss,male,The National Archives,SP 16,SP 16/515/1 f. 53
486,187,Robert Church,sub,ss,male,The National Archives,SP 16,SP 16/515/1 f. 53
487,187,Symon Beale,sub,ss,male,The National Archives,SP 16,SP 16/515/1 f. 53
488,187,Eustace Smith,sub,ss,male,The National Archives,SP 16,SP 16/515/1 f. 53
489,187,Thomas Gosling,sub,ss,male,The National Archives,SP 16,SP 16/515/1 f. 53
490,187,William Lee,sub,ss,male,The National Archives,SP 16,SP 16/515/1 f. 53
491,187,Francis Smith,sub,ss,male,The National Archives,SP 16,SP 16/515/1 f. 53
492,187,John [Burrwood?],sub,ss,male,The National Archives,SP 16,SP 16/515/1 f. 53
493,187,William Hamond,sub,ss,male,The National Archives,SP 16,SP 16/515/1 f. 53
494,187,Edmond Morgan,sub,ss,male,The National Archives,SP 16,SP 16/515/1 f. 53
495,187,William Chapman,sub,ss,male,The National Archives,SP 16,SP 16/515/1 f. 53
496,187,James [Shrive?],sub,ss,male,The National Archives,SP 16,SP 16/515/1 f. 53
497,187,John Martin,sub,ss,male,The National Archives,SP 16,SP 16/515/1 f. 53
498,187,Francis Whayman,sub,ss,male,The National Archives,SP 16,SP 16/515/1 f. 53
499,187,Henry Fynn,sub,ss,male,The National Archives,SP 16,SP 16/515/1 f. 53
500,187,William Olliver,sub,ss,male,The National Archives,SP 16,SP 16/515/1 f. 53
501,187,Samuell Hawkes,sub,ss,male,The National Archives,SP 16,SP 16/515/1 f. 53
502,187,Edward Clarke,sub,ss,male,The National Archives,SP 16,SP 16/515/1 f. 53
503,187,Robert Kenington,sub,ss,male,The National Archives,SP 16,SP 16/515/1 f. 53
504,187,Walter Keble,sub,ss,male,The National Archives,SP 16,SP 16/515/1 f. 53
505,187,Thomas Lemon,sub,ss,male,The National Archives,SP 16,SP 16/515/1 f. 53
506,187,John Lee,sub,ss,male,The National Archives,SP 16,SP 16/515/1 f. 53
507,187,William Garnet,sub,ss,male,The National Archives,SP 16,SP 16/515/1 f. 53
508,187,John Greene,sub,ss,male,The National Archives,SP 16,SP 16/515/1 f. 53
509,187,William Bugbey,sub,ss,male,The National Archives,SP 16,SP 16/515/1 f. 53
510,188,William Sykes of Hull mar,petr,sig,male,The National Archives,SP 16,SP 16/515/1 f. 91
511,190,Abraham Clerk lieutenant,sub,sig,male,The National Archives,SP 16,SP 16/539/4 f. 23
512,190,James [Marrow?] ensign,sub,sig,male,The National Archives,SP 16,SP 16/539/4 f. 23
513,190,[Lineseg?] Sharples ensigne,sub,sig,unknown,The National Archives,SP 16,SP 16/539/4 f. 23
514,190,George Hope ensin,sub,sig,male,The National Archives,SP 16,SP 16/539/4 f. 23
515,190,James [Rose?] ennsign,sub,sig,male,The National Archives,SP 16,SP 16/539/4 f. 23
516,190,Francis Welles lieutenant,sub,sig,male,The National Archives,SP 16,SP 16/539/4 f. 23
517,190,Robert Deedes lieutenant,sub,sig,male,The National Archives,SP 16,SP 16/539/4 f. 23
518,190,Even Morris ensine,sub,sig,male,The National Archives,SP 16,SP 16/539/4 f. 23
519,190,William Master major,sub,sig,male,The National Archives,SP 16,SP 16/539/4 f. 23
520,190,Christopher Peckham captain,sub,sig,male,The National Archives,SP 16,SP 16/539/4 f. 23
521,190,Francis [D...?] captain,sub,sig,male,The National Archives,SP 16,SP 16/539/4 f. 23
522,190,George Weldon [c...?],sub,sig,male,The National Archives,SP 16,SP 16/539/4 f. 23
523,190,[illegible] captain,sub,sig,unknown,The National Archives,SP 16,SP 16/539/4 f. 23
524,193,Walter Cary,petr,,male,The National Archives,SP 16,SP 16/516 f. 5
525,193,Henry Jones gentlemen,petr,,male,The National Archives,SP 16,SP 16/516 f. 5
526,191,John Langleye late troope,petr,,male,The National Archives,SP 16,SP 16/516 f. 35
527,192,Jasper Mayne doctor in di,petr,,male,The National Archives,SP 16,SP 16/516 f. 42
528,195,Adam Bayner,petr,,male,The National Archives,SP 18,SP 18/1 f. 56
529,195,Thomas King,petr,,male,The National Archives,SP 18,SP 18/1 f. 56
530,195,unnamed_male Owen,petr,,male,The National Archives,SP 18,SP 18/1 f. 56
531,195,Richard Morgan cornett,petr,,male,The National Archives,SP 18,SP 18/1 f. 56
532,195,William Rowe lieutenante,petr,,male,The National Archives,SP 18,SP 18/1 f. 56
533,195,Alexander Reeve ensigne,petr,,male,The National Archives,SP 18,SP 18/1 f. 56
534,195,Ellen Lovell wife of Char,petr,,female,The National Archives,SP 18,SP 18/1 f. 56
535,195,Presill Eaton? widdow,petr,,female,The National Archives,SP 18,SP 18/1 f. 56
536,198,Richard Shakerly of Topsh,petr,,male,The National Archives,SP 46,SP 46/95 f. 136
537,196,Joseph Edmondson of Kenda,petr,sig,male,The National Archives,SP 46,SP 46/104 f. 121
538,199,Elias Slearke waterman,petr,sig,male,The National Archives,SP 18,SP 18/9 f. 137
539,202,George Wood commissary fo,petr,sig,male,The National Archives,SP 46,SP 46/95 f. 284
540,201,George Shawe of Stayne Mo,petr,sig,male,The National Archives,SP 46,SP 46/104 f. 279
541,203,George Crompton,petr,sig,male,The National Archives,SP 18,SP 18/15 f. 26
542,206,Samuel Avery governour,sub,sig,male,The National Archives,SP 46,SP 46/96 f. 44
543,205,Robert Launson shipwright,petr,,male,The National Archives,SP 46,SP 46/114 f. 7
544,207,Samuel Avery governour,sub,sig,male,The National Archives,SP 46,SP 46/96 f. 109
545,208,Thomas Earle of Cleavelan,petr,,male,The National Archives,SP 46,SP 46/96 f. 140
546,210,Thomas Billingsley,petr,sig,male,The National Archives,SP 84,SP 84/159 f. 107
547,211,Edward Earle of Worcester,petr,,male,The National Archives,SP 18,SP 18/32 f. 66
548,212,William Starke,petr,,male,The National Archives,SP 18,SP 18/32 f. 89
549,212,Richard Lewis,petr,,male,The National Archives,SP 18,SP 18/32 f. 89
550,212,Mathew Arnold maisters of,petr,,male,The National Archives,SP 18,SP 18/32 f. 89
551,213,Joseph Ames master of the,petr,,male,The National Archives,SP 18,SP 18/32 f. 89a
552,214,George Reade of London me,petr,,male,The National Archives,SP 46,SP 46/114 f. 98
553,215,Peter Darton? of Barn sta,petr,,male,The National Archives,SP 18,SP 18/65 f. 3
554,216,John Jacob,petr,sig,male,The National Archives,SP 18,SP 18/65 f. 48
555,216,Job Harby,petr,sig,male,The National Archives,SP 18,SP 18/65 f. 48
556,216,Nicholas Crispe,petr,sig,male,The National Archives,SP 18,SP 18/65 f. 48
557,217,Thomas Rickett master of,petr,,male,The National Archives,SP 18,SP 18/78 f. 213
558,218,Humble Ward esquier,petr,,male,The National Archives,SP 46,SP 46/109 f. 53
559,219,Thomas Kelsey esquier,petr,,male,The National Archives,SP 18,SP 18/94 f. 1
560,219,Walter Walker judge of th,petr,,male,The National Archives,SP 18,SP 18/94 f. 1
561,219,Thomas St Nicholas esquie,petr,,male,The National Archives,SP 18,SP 18/94 f. 1
562,219,John Raven gentleman cler,petr,,male,The National Archives,SP 18,SP 18/94 f. 1
563,219,Richard Henly bodar of th,petr,,male,The National Archives,SP 18,SP 18/94 f. 1
564,222,Margarett Levingston,petr,,female,The National Archives,SP 18,SP 18/94 f. 5
565,222,Bridgett Bray,petr,,female,The National Archives,SP 18,SP 18/94 f. 5
566,222,Judeth Hobson,petr,,female,The National Archives,SP 18,SP 18/94 f. 5
567,222,Frances Blundew?,petr,,female,The National Archives,SP 18,SP 18/94 f. 5
568,220,Thomas Marshall collector,petr,,male,The National Archives,SP 18,SP 18/94 f. 13
569,221,John Blackmore major to G,petr,sig,male,The National Archives,SP 18,SP 18/94 f. 46
570,223,Henry Wilson,petr,,male,The National Archives,SP 18,SP 18/123 f. 75
571,226,Henry Roach,petr,,male,The National Archives,SP 46,SP 46/98 f. 1c
572,226,John Wright,petr,,male,The National Archives,SP 46,SP 46/98 f. 1c
573,226,William Wood,petr,,male,The National Archives,SP 46,SP 46/98 f. 1c
574,225,Jacob Rowse,petr,,male,The National Archives,SP 46,SP 46/117 f. 230
575,227,Edward Basse,petr,,male,The National Archives,SP 18,SP 18/153 f. 13
576,228,Robert Jennings,petr,,male,The National Archives,SP 18,SP 18/153 f. 27
577,229,Thomas Vyner knight,petr,,male,The National Archives,SP 18,SP 18/153 f. 32
578,229,Edward Backwell of London,petr,,male,The National Archives,SP 18,SP 18/153 f. 32
579,230,Stephen Bownd minister of,petr,sig,male,The National Archives,SP 18,SP 18/153 f. 38
580,231,Peter Witham minister mas,petr,,male,The National Archives,SP 18,SP 18/179 f. 49
581,232,Henry Scobell,petr,sig,male,The National Archives,SP 18,SP 18/179 f. 60
582,234,Richard Cord mariner,petr,,male,The National Archives,SP 18,SP 18/187 f. 91
583,233,Mary Pitman the wife of G,petr,,female,The National Archives,SP 18,SP 18/187 f. 145
584,235,Seth Ward D.D. professor,petr,,male,The National Archives,SP 18,SP 18/200 f. 29
585,236,John Harris prisoner in L,petr,sig,male,The National Archives,SP 18,SP 18/200 f. 31
586,237,Thomas Ceely late governo,petr,,male,The National Archives,SP 18,SP 18/200 f. 33
587,238,Richard Harvie,petr,sig,male,The National Archives,SP 18,SP 18/207 f. 104
588,240,George Boothe prisoner in,petr,sig,male,The National Archives,SP 18,SP 18/219 f. 53
589,239,John Cramp,petr,,male,The National Archives,SP 18,SP 18/219 f. 103
590,239,James Sadler,petr,,male,The National Archives,SP 18,SP 18/219 f. 103
591,242,George Ayscough knight,petr,,male,The National Archives,SP 18,SP 18/220 f. 5
592,241,Cuthbert Atkinson,sub,sig,male,The National Archives,SP 18,SP 18/220 f. 36
593,241,Thomas [Aubone?],sub,sig,male,The National Archives,SP 18,SP 18/220 f. 36
594,241,Samuell Nelles,sub,sig,male,The National Archives,SP 18,SP 18/220 f. 36
595,241,George Swaddelles,sub,sig,male,The National Archives,SP 18,SP 18/220 f. 36
596,241,Thomas Dickson,sub,sig,male,The National Archives,SP 18,SP 18/220 f. 36
597,241,[Abell Dixon?],sub,sig,male,The National Archives,SP 18,SP 18/220 f. 36
598,241,Robert Reed,sub,sig,male,The National Archives,SP 18,SP 18/220 f. 36
599,241,Adam Newton,sub,sig,male,The National Archives,SP 18,SP 18/220 f. 36
600,241,Mathew [Battes?],sub,sig,male,The National Archives,SP 18,SP 18/220 f. 36
601,241,George Martin,sub,sig,male,The National Archives,SP 18,SP 18/220 f. 36
602,241,Richard Brunton,sub,sig,male,The National Archives,SP 18,SP 18/220 f. 36
603,241,William Hearon,sub,sig,male,The National Archives,SP 18,SP 18/220 f. 36
604,243,Walter Brydall gentleman,petr,,male,The National Archives,SP 29,SP 29/28 f. 90
605,245,Thomas Ceely one of your,petr,,male,The National Archives,SP 29,SP 29/29 f. 2
606,246,Richard Williams one of t,petr,,male,The National Archives,SP 29,SP 29/29 f. 63
607,244,James Maule esquire,petr,,male,The National Archives,SP 29,SP 29/29 f. 121
608,249,Nathaniel Smith,petr,,male,The National Archives,SP 29,SP 29/49 f. 8
609,247,Ralph Ironside clarke,petr,,male,The National Archives,SP 29,SP 29/49 f. 21
610,248,Reginald Forster,petr,,male,The National Archives,SP 29,SP 29/49 f. 48
611,250,Thomas Killegrew,petr,,male,The National Archives,SP 29,SP 29/49 f. 95
612,250,William Davenant,petr,,male,The National Archives,SP 29,SP 29/49 f. 95
613,252,Gilbert Talbot master of,petr,,male,The National Archives,SP 29,SP 29/67 f. 17
614,254,William Christian gentlem,petr,,male,The National Archives,SP 29,SP 29/67 f. 75
615,251,Charles Earle of Norwich,petr,,male,The National Archives,SP 29,SP 29/67 f. 153
616,257,George Duke of Buckingham,petr,,male,The National Archives,SP 29,SP 29/90 f. 86
617,255,William Viscount of Staff,petr,,male,The National Archives,SP 29,SP 29/90 f. 149
618,256,William Viscount of Staff,petr,,male,The National Archives,SP 29,SP 29/90 f. 151
619,258,Francis Roper esquier,petr,,male,The National Archives,SP 29,SP 29/91 f. 13
620,261,Robert Broughton,petr,,male,The National Archives,SP 29,SP 29/110 f. 59
621,262,Richard Erwin gentleman s,petr,,male,The National Archives,SP 29,SP 29/110 f. 96
622,259,Thomas Rogers of the parr,petr,,male,The National Archives,SP 29,SP 29/110 f. 129
623,263,George Paule esquier,petr,,male,The National Archives,SP 29,SP 29/144 f. 127
624,264,John Burges ship carpente,petr,,male,The National Archives,SP 29,SP 29/145 f. 45
625,266,John Hunt boatswaine,petr,,male,The National Archives,SP 29,SP 29/146 f. 58
626,265,John Roach,petr,,male,The National Archives,SP 29,SP 29/146 f. 107
627,267,John Malet esquire,petr,,male,The National Archives,SP 29,SP 29/188 f. 34
628,269,Edward Burton of London m,petr,,male,The National Archives,SP 29,SP 29/188 f. 37
629,270,John Godsuffe,petr,sig,male,The National Archives,SP 29,SP 29/188 f. 49
630,270,William Crispin,sub,sig,male,The National Archives,SP 29,SP 29/188 f. 49
631,271,William Baber powdermaker,petr,,male,The National Archives,SP 29,SP 29/232 f. 243
632,272,Samuell Dunninge,petr,m,male,The National Archives,SP 29,SP 29/232 f. 244
633,272,John Carter,petr,m,male,The National Archives,SP 29,SP 29/232 f. 244
634,272,Margret Tison,petr,m,female,The National Archives,SP 29,SP 29/232 f. 244
635,272,Susan Williams prisoners,petr,m,female,The National Archives,SP 29,SP 29/232 f. 244
636,274,Maurice Agherin,sub,sig,male,The National Archives,SP 29,SP 29/233 f. 47
637,274,William Matthews,sub,sig,male,The National Archives,SP 29,SP 29/233 f. 47
638,274,John Inch,sub,sig,male,The National Archives,SP 29,SP 29/233 f. 47
639,274,John Ryan,sub,sig,male,The National Archives,SP 29,SP 29/233 f. 47
640,274,Patrick Kellie,sub,sig,male,The National Archives,SP 29,SP 29/233 f. 47
641,274,Arthur Magenis,sub,sig,male,The National Archives,SP 29,SP 29/233 f. 47
642,274,John Heale,sub,sig,male,The National Archives,SP 29,SP 29/233 f. 47
643,274,John Dungan,sub,sig,male,The National Archives,SP 29,SP 29/233 f. 47
644,274,Daniell Denighan,sub,sig,male,The National Archives,SP 29,SP 29/233 f. 47
645,274,John Lacey,sub,sig,male,The National Archives,SP 29,SP 29/233 f. 47
646,274,William White,sub,sig,male,The National Archives,SP 29,SP 29/233 f. 47
647,274,Patrick King,sub,sig,male,The National Archives,SP 29,SP 29/233 f. 47
648,274,Morgan Swiney,sub,sig,male,The National Archives,SP 29,SP 29/233 f. 47
649,274,Edmond Garrett,sub,sig,male,The National Archives,SP 29,SP 29/233 f. 47
650,274,John Longan,sub,sig,male,The National Archives,SP 29,SP 29/233 f. 47
651,274,Dennis Swiney,sub,sig,male,The National Archives,SP 29,SP 29/233 f. 47
652,274,William Morphy,sub,sig,male,The National Archives,SP 29,SP 29/233 f. 47
653,274,Edmond Barry,sub,sig,male,The National Archives,SP 29,SP 29/233 f. 47
654,274,William Ryane,sub,sig,male,The National Archives,SP 29,SP 29/233 f. 47
655,274,Thomas Lacey,sub,sig,male,The National Archives,SP 29,SP 29/233 f. 47
656,274,Dennis Sulevan,sub,sig,male,The National Archives,SP 29,SP 29/233 f. 47
657,275,George Nichols,petr,sig,male,The National Archives,SP 29,SP 29/254 f. 20
658,276,Charles Lord Gerrard,petr,,male,The National Archives,SP 29,SP 29/254 f. 22
659,277,William Fernely of Ipswic,petr,,male,The National Archives,SP 29,SP 29/254 f. 56
660,278,John Skelton,petr,,male,The National Archives,SP 29,SP 29/254 f. 91
661,279,Frances Ligneere grandaug,petr,,female,The National Archives,SP 29,SP 29/272 f. 55
662,280,Patricke Archer merchant,petr,,male,The National Archives,SP 29,SP 29/272 f. 57
663,281,unnamed_female Fanshawe r,petr,,female,The National Archives,SP 29,SP 29/272 f. 58
664,282,Robert Bird of Tonge in t,petr,,male,The National Archives,SP 29,SP 29/272 f. 74
665,286,widow Dergofsky,petr,,female,The National Archives,SP 29,SP 29/287/1 f. 75
666,283,Thomas Vahan,petr,,male,The National Archives,SP 29,SP 29/287/1 f. 101
667,284,Thomas Grey esquire,petr,,male,The National Archives,SP 29,SP 29/287/1 f. 187
668,285,Lewis Sulpice Jonquier,petr,,male,The National Archives,SP 29,SP 29/287/1 f. 206
669,285,Martin Corbonell Frenchme,petr,,male,The National Archives,SP 29,SP 29/287/1 f. 206
670,287,John Glanvill master of a,petr,,male,The National Archives,SP 29,SP 29/302 f. 154
671,289,Nicholas Throckmorton,petr,,male,The National Archives,SP 29,SP 29/302 f. 238
672,289,Robert Philips,petr,,male,The National Archives,SP 29,SP 29/302 f. 238
673,289,Joseph Booth,petr,,male,The National Archives,SP 29,SP 29/302 f. 238
674,289,Thomas Wenborne,petr,,male,The National Archives,SP 29,SP 29/302 f. 238
675,289,Benjamin Herne,petr,,male,The National Archives,SP 29,SP 29/302 f. 238
676,290,Joseph Jackson,petr,,male,The National Archives,SP 29,SP 29/302 f. 239
677,293,Jasper Kaus,petr,,male,The National Archives,SP 29,SP 29/332 f. 83
678,293,John Le Verroo marchants,petr,,male,The National Archives,SP 29,SP 29/332 f. 83
679,291,John Backhusios master of,petr,,male,The National Archives,SP 29,SP 29/332 f. 153
680,291,Bowdwyn Borne,petr,,male,The National Archives,SP 29,SP 29/332 f. 153
681,291,Thomas Hamilton,petr,,male,The National Archives,SP 29,SP 29/332 f. 153
682,292,unnamed_male Crow,petr,,male,The National Archives,SP 29,SP 29/332 f. 165
683,294,William Bowdon ropemaker,petr,,male,The National Archives,SP 29,SP 29/340 f. 10
684,295,Edward Sturton doctor in,petr,,male,The National Archives,SP 29,SP 29/360 f. 176
685,296,Valentine Hollifield,petr,,male,The National Archives,SP 29,SP 29/360 f. 254
686,296,Samuell Hirons,petr,,male,The National Archives,SP 29,SP 29/360 f. 254
687,297,William Boreman your maje,petr,,male,The National Archives,SP 29,SP 29/360 f. 360
688,298,Maurice Eustace knight,petr,,male,The National Archives,SP 63,SP 63/335 f. 34
689,302,Peter Heringhook,petr,,male,The National Archives,SP 29,SP 29/367 f. 82
690,302,John Lethulier knight,petr,,male,The National Archives,SP 29,SP 29/367 f. 82
691,302,Robert Jennings,petr,,male,The National Archives,SP 29,SP 29/367 f. 82
692,302,Humphry Edwin,petr,,male,The National Archives,SP 29,SP 29/367 f. 82
693,302,Henry Hovener,petr,,male,The National Archives,SP 29,SP 29/367 f. 82
694,302,Thomas Crandell,petr,,male,The National Archives,SP 29,SP 29/367 f. 82
695,302,Thomas Faunton?,petr,,male,The National Archives,SP 29,SP 29/367 f. 82
696,302,Thomas Blake master of th,petr,,male,The National Archives,SP 29,SP 29/367 f. 82
697,299,John Grove master playste,petr,,male,The National Archives,SP 29,SP 29/367 f. 156
698,300,Robert Watts of Rumford i,petr,,male,The National Archives,SP 29,SP 29/367 f. 239
699,301,Joane Thorndell,petr,,female,The National Archives,SP 29,SP 29/367 f. 246
700,306,Elizabeth Lady Clifford w,petr,,female,The National Archives,SP 29,SP 29/378 f. 79
701,303,John Shorter knight,petr,,male,The National Archives,SP 29,SP 29/378 f. 127
702,304,Peter Wyche knight,petr,,male,The National Archives,SP 29,SP 29/378 f. 188
703,305,Robert Breton of London m,petr,,male,The National Archives,SP 29,SP 29/378 f. 227
704,307,Francis Savage esquire,petr,,male,The National Archives,SP 29,SP 29/390 f. 144
705,308,John Godolphin knight vic,petr,,male,The National Archives,SP 29,SP 29/390 f. 195
706,309,Henry Bishop of London,petr,,male,The National Archives,SP 29,SP 29/390 f. 288
707,312,John Every,petr,,male,The National Archives,SP 29,SP 29/400 f. 39
708,312,Thomas Chiffinch,petr,,male,The National Archives,SP 29,SP 29/400 f. 39
709,312,Anthony Vane,petr,,male,The National Archives,SP 29,SP 29/400 f. 39
710,312,John Walther,petr,,male,The National Archives,SP 29,SP 29/400 f. 39
711,312,William Shaw,petr,,male,The National Archives,SP 29,SP 29/400 f. 39
712,312,James Windebank,petr,,male,The National Archives,SP 29,SP 29/400 f. 39
713,313,John Every,petr,,male,The National Archives,SP 29,SP 29/400 f. 40
714,313,Thomas Chiffinch,petr,,male,The National Archives,SP 29,SP 29/400 f. 40
715,313,Anthony Vane,petr,,male,The National Archives,SP 29,SP 29/400 f. 40
716,313,John Walther,petr,,male,The National Archives,SP 29,SP 29/400 f. 40
717,313,William Shaw,petr,,male,The National Archives,SP 29,SP 29/400 f. 40
718,313,James Windebank,petr,,male,The National Archives,SP 29,SP 29/400 f. 40
719,311,William Hoare clerke chap,petr,sig,male,The National Archives,SP 29,SP 29/400 f. 232
720,318,Henry Tompkins junior,petr,,male,The National Archives,SP 29,SP 29/411 f. 83
721,315,Richard Collier a poore s,behalf,,male,The National Archives,SP 29,SP 29/411 f. 123
722,315,Mary Collier widow,petr,,female,The National Archives,SP 29,SP 29/411 f. 123
723,316,Mary Collier widow,petr,,female,The National Archives,SP 29,SP 29/411 f. 124
724,317,Thomas Wolstenholme barro,petr,,male,The National Archives,SP 29,SP 29/411 f. 399
725,319,Charles Ray gentleman,petr,,male,The National Archives,SP 29,SP 29/413 f. 162
726,320,William Charlton barreste,petr,,male,The National Archives,SP 29,SP 29/413 f. 298b
727,321,William Challoner freeman,petr,,male,The National Archives,SP 29,SP 29/414 f. 75
728,322,Elizabeth relict of John,petr,,female,The National Archives,SP 29,SP 29/417 f. 555
729,325,John Jones one of your ma,petr,sig,male,The National Archives,SP 29,SP 29/415 f. 47
730,326,Alexander Earle of Eglint,petr,,male,The National Archives,SP 29,SP 29/415 f. 58
731,323,Nathaniel Thompson,petr,,male,The National Archives,SP 29,SP 29/415 f. 106
732,324,Ann Fitzharris wife to Ed,petr,,female,The National Archives,SP 29,SP 29/415 f. 119
733,327,Bernard Dennis etc,petr,,male,The National Archives,SP 29,SP 29/418 f. 44
734,328,Rowland St. John gentlema,petr,,male,The National Archives,SP 29,SP 29/418 f. 55b
735,329,John Booth gentleman,petr,,male,The National Archives,SP 29,SP 29/418 f. 68
736,330,John Booth gentleman,petr,,male,The National Archives,SP 29,SP 29/418 f. 69a
737,332,John Guillim late captain,petr,,male,The National Archives,SP 29,SP 29/422 f. 51
738,333,Peter Stepkin of London g,petr,,male,The National Archives,SP 29,SP 29/422 f. 74
739,334,Peter Stepkin of London g,petr,,male,The National Archives,SP 29,SP 29/422 f. 79
740,331,Thomas Goddard esquier,petr,,male,The National Archives,SP 29,SP 29/422 f. 102
741,335,unnamed_female Petre,petr,,female,The National Archives,SP 29,SP 29/436 f. 29
742,336,Richard Lord Maitland,petr,,male,The National Archives,SP 29,SP 29/436 f. 30
743,337,Robert West prisoner in t,petr,sig,male,The National Archives,SP 29,SP 29/436 f. 46
744,338,Roger Thain,sub,sig,male,The National Archives,SP 29,SP 29/436 f. 80
745,338,[illegible] Good,sub,sig,unknown,The National Archives,SP 29,SP 29/436 f. 80
746,338,Thomas Cartwright,sub,sig,male,The National Archives,SP 29,SP 29/436 f. 80
747,338,Walter Kingman,sub,sig,male,The National Archives,SP 29,SP 29/436 f. 80
748,338,Robert Gouldisbrough,sub,sig,male,The National Archives,SP 29,SP 29/436 f. 80
749,338,William Longe,sub,sig,male,The National Archives,SP 29,SP 29/436 f. 80
750,338,Robert Pinckney,sub,sig,male,The National Archives,SP 29,SP 29/436 f. 80
751,338,William Mundye,sub,sig,male,The National Archives,SP 29,SP 29/436 f. 80
752,338,Francis Thistlethaiwt,sub,sig,male,The National Archives,SP 29,SP 29/436 f. 80
753,338,John Fanstone,sub,sig,male,The National Archives,SP 29,SP 29/436 f. 80
754,338,John Locke,sub,sig,male,The National Archives,SP 29,SP 29/436 f. 80
755,338,Laurence Tucke,sub,sig,male,The National Archives,SP 29,SP 29/436 f. 80
756,338,Thomas London,sub,sig,male,The National Archives,SP 29,SP 29/436 f. 80
757,338,Charles Gilbert,sub,sig,male,The National Archives,SP 29,SP 29/436 f. 80
758,338,William Waters,sub,sig,male,The National Archives,SP 29,SP 29/436 f. 80
759,338,[Giles?] Yardleye,sub,sig,male,The National Archives,SP 29,SP 29/436 f. 80
760,338,John Newman,sub,sig,male,The National Archives,SP 29,SP 29/436 f. 80
761,338,[Trattill?],sub,sig,unknown,The National Archives,SP 29,SP 29/436 f. 80
762,338,Charles Raleigh,sub,sig,male,The National Archives,SP 29,SP 29/436 f. 80
763,338,Alexander Thistlethwayte,sub,sig,male,The National Archives,SP 29,SP 29/436 f. 80
764,338,[illegible] Clerk,sub,sig,unknown,The National Archives,SP 29,SP 29/436 f. 80
765,338,Robert Hyde,sub,sig,male,The National Archives,SP 29,SP 29/436 f. 80
766,338,John Young,sub,sig,male,The National Archives,SP 29,SP 29/436 f. 80
767,339,John Briscoe,petr,,male,The National Archives,SP 31,SP 31/1 f. 128
768,341,Henry Serle esquier,petr,,male,The National Archives,SP 31,SP 31/1 f. 287
769,342,Samuel Heron,petr,,male,The National Archives,SP 31,SP 31/5 f. 8
770,342,Peter Martell,petr,,male,The National Archives,SP 31,SP 31/5 f. 8
771,342,William Miles of London m,petr,,male,The National Archives,SP 31,SP 31/5 f. 8
772,343,Martha Gamlyn widdow,petr,,female,The National Archives,SP 31,SP 31/3 f. 301
773,344,Joshua Sabin,sub,ss,male,The National Archives,SP 31,SP 31/5 f. 40
774,344,George Reevs,sub,ss,male,The National Archives,SP 31,SP 31/5 f. 40
775,344,Samuel Sanders,sub,ss,male,The National Archives,SP 31,SP 31/5 f. 40
776,344,James Cole,sub,ss,male,The National Archives,SP 31,SP 31/5 f. 40
777,344,John Drigue,sub,ss,male,The National Archives,SP 31,SP 31/5 f. 40
778,344,Georg Hoard,sub,ss,male,The National Archives,SP 31,SP 31/5 f. 40
779,344,Richard Awbrey,sub,ss,male,The National Archives,SP 31,SP 31/5 f. 40
780,345,Nathaniell Ridler,sub,ss,male,The National Archives,SP 31,SP 31/5 f. 44
781,345,Nathaniell Ridler junior,sub,ss,male,The National Archives,SP 31,SP 31/5 f. 44
782,345,Timothy Webb,sub,ss,male,The National Archives,SP 31,SP 31/5 f. 44
783,345,Thomas Blanch,sub,ss,male,The National Archives,SP 31,SP 31/5 f. 44
784,345,Daniell Packer,sub,ss,male,The National Archives,SP 31,SP 31/5 f. 44
785,345,George Elton,sub,ss,male,The National Archives,SP 31,SP 31/5 f. 44
786,345,Anthony Hopkins,sub,ss,male,The National Archives,SP 31,SP 31/5 f. 44
787,345,John Arrundell,sub,ss,male,The National Archives,SP 31,SP 31/5 f. 44
788,345,Daniell Watts,sub,ss,male,The National Archives,SP 31,SP 31/5 f. 44
789,345,James Eckley,sub,ss,male,The National Archives,SP 31,SP 31/5 f. 44
790,345,Charles King,sub,ss,male,The National Archives,SP 31,SP 31/5 f. 44
791,345,Thomas Clutterbooke,sub,ss,male,The National Archives,SP 31,SP 31/5 f. 44
792,345,Richard Nash,sub,ss,male,The National Archives,SP 31,SP 31/5 f. 44
793,345,John Sorrell,sub,ss,male,The National Archives,SP 31,SP 31/5 f. 44
794,345,Charles Fenell,sub,ss,male,The National Archives,SP 31,SP 31/5 f. 44
795,345,Richard Clutterbooke,sub,ss,male,The National Archives,SP 31,SP 31/5 f. 44
796,345,Daniell Woodhall,sub,ss,male,The National Archives,SP 31,SP 31/5 f. 44
797,345,William Haynes,sub,ss,male,The National Archives,SP 31,SP 31/5 f. 44
798,345,Richard King,sub,ss,male,The National Archives,SP 31,SP 31/5 f. 44
799,345,James Lysons,sub,ss,male,The National Archives,SP 31,SP 31/5 f. 44
800,345,William Lysons,sub,ss,male,The National Archives,SP 31,SP 31/5 f. 44
801,345,Joseph Knight,sub,ss,male,The National Archives,SP 31,SP 31/5 f. 44
802,345,John Bond,sub,ss,male,The National Archives,SP 31,SP 31/5 f. 44
803,345,Holliday Knight,sub,ss,unknown,The National Archives,SP 31,SP 31/5 f. 44
804,345,John Carver,sub,ss,male,The National Archives,SP 31,SP 31/5 f. 44
805,345,Samuell Pegler,sub,ss,male,The National Archives,SP 31,SP 31/5 f. 44
806,345,William Osborne,sub,ss,male,The National Archives,SP 31,SP 31/5 f. 44
807,345,Joseph Worles,sub,ss,male,The National Archives,SP 31,SP 31/5 f. 44
808,345,James Webley,sub,ss,male,The National Archives,SP 31,SP 31/5 f. 44
809,345,Richard Hopton,sub,ss,male,The National Archives,SP 31,SP 31/5 f. 44
810,345,Giles Nash junior,sub,ss,male,The National Archives,SP 31,SP 31/5 f. 44
811,345,Thomas Smith,sub,ss,male,The National Archives,SP 31,SP 31/5 f. 44
812,345,John Cornwall,sub,ss,male,The National Archives,SP 31,SP 31/5 f. 44
813,345,Samuell Cornwell,sub,ss,male,The National Archives,SP 31,SP 31/5 f. 44
814,345,Giles Hancocke,sub,ss,male,The National Archives,SP 31,SP 31/5 f. 44
815,345,Giles Nash,sub,ss,male,The National Archives,SP 31,SP 31/5 f. 44
816,345,John Blanch,sub,ss,male,The National Archives,SP 31,SP 31/5 f. 44
817,345,Richard Cornwell,sub,ss,male,The National Archives,SP 31,SP 31/5 f. 44
818,345,John Sandford,sub,ss,male,The National Archives,SP 31,SP 31/5 f. 44
819,345,William Hayward,sub,ss,male,The National Archives,SP 31,SP 31/5 f. 44
820,345,William Andrewes junior,sub,ss,male,The National Archives,SP 31,SP 31/5 f. 44
821,345,William Andrewes senior,sub,ss,male,The National Archives,SP 31,SP 31/5 f. 44
822,345,William Webb,sub,ss,male,The National Archives,SP 31,SP 31/5 f. 44
823,345,Thomas Timbrell,sub,ss,male,The National Archives,SP 31,SP 31/5 f. 44
824,345,Richard Freane,sub,ss,male,The National Archives,SP 31,SP 31/5 f. 44
825,345,Thomas Fowler,sub,ss,male,The National Archives,SP 31,SP 31/5 f. 44
826,345,Thomas Pinfold junior,sub,ss,male,The National Archives,SP 31,SP 31/5 f. 44
827,345,Richard Webb,sub,ss,male,The National Archives,SP 31,SP 31/5 f. 44
828,345,Samuell Webb,sub,ss,male,The National Archives,SP 31,SP 31/5 f. 44
829,345,Richard Clissold,sub,ss,male,The National Archives,SP 31,SP 31/5 f. 44
830,345,William Dunston,sub,ss,male,The National Archives,SP 31,SP 31/5 f. 44
831,345,Joseph Mayor,sub,ss,male,The National Archives,SP 31,SP 31/5 f. 44
832,345,Samuell Hall,sub,ss,male,The National Archives,SP 31,SP 31/5 f. 44
833,345,Jasper Clutterbucke,sub,ss,male,The National Archives,SP 31,SP 31/5 f. 44
834,345,Giles Pinfold,sub,ss,male,The National Archives,SP 31,SP 31/5 f. 44
835,345,William Snow,sub,ss,male,The National Archives,SP 31,SP 31/5 f. 44
836,345,Thomas Pinfold senior,sub,ss,male,The National Archives,SP 31,SP 31/5 f. 44
837,345,Edward Pinfold,sub,ss,male,The National Archives,SP 31,SP 31/5 f. 44
838,345,John Barnfield,sub,ss,male,The National Archives,SP 31,SP 31/5 f. 44
839,345,Thomas Seele,sub,ss,male,The National Archives,SP 31,SP 31/5 f. 44
840,345,Thomas Thayere,sub,ss,male,The National Archives,SP 31,SP 31/5 f. 44
841,345,Joseph Pinfold,sub,ss,male,The National Archives,SP 31,SP 31/5 f. 44
842,345,Richard [Hale?],sub,ss,male,The National Archives,SP 31,SP 31/5 f. 44
843,345,Richard Webb,sub,ss,male,The National Archives,SP 31,SP 31/5 f. 44
844,345,Jonathan Shipton,sub,ss,male,The National Archives,SP 31,SP 31/5 f. 44
845,345,Joseph Bennett,sub,ss,male,The National Archives,SP 31,SP 31/5 f. 44
846,345,Samuell Kinn,sub,ss,male,The National Archives,SP 31,SP 31/5 f. 44
847,345,Thomas Webb,sub,ss,male,The National Archives,SP 31,SP 31/5 f. 44
848,345,William Hayward,sub,ss,male,The National Archives,SP 31,SP 31/5 f. 44
849,345,Samuell Adridge,sub,ss,male,The National Archives,SP 31,SP 31/5 f. 44
850,346,William Browne,sub,ss,male,The National Archives,SP 31,SP 31/5 f. 52
851,346,Francis Folkard,sub,ss,male,The National Archives,SP 31,SP 31/5 f. 52
852,346,Thomas Partridge,sub,ss,male,The National Archives,SP 31,SP 31/5 f. 52
853,346,Edward Clarke,sub,ss,male,The National Archives,SP 31,SP 31/5 f. 52
854,346,Edward Cage,sub,ss,male,The National Archives,SP 31,SP 31/5 f. 52
855,346,Henry Sliverion,sub,ss,male,The National Archives,SP 31,SP 31/5 f. 52
856,346,John [Renells?],sub,ss,male,The National Archives,SP 31,SP 31/5 f. 52
857,346,Edward Cheef,sub,ss,male,The National Archives,SP 31,SP 31/5 f. 52
858,346,William Greene,sub,ss,male,The National Archives,SP 31,SP 31/5 f. 52
859,346,Thomas Green,sub,ss,male,The National Archives,SP 31,SP 31/5 f. 52
860,346,John Pewes,sub,ss,male,The National Archives,SP 31,SP 31/5 f. 52
861,346,Francis Boolt,sub,ss,male,The National Archives,SP 31,SP 31/5 f. 52
862,346,John Pidmonton,sub,ss,male,The National Archives,SP 31,SP 31/5 f. 52
863,346,Edward [Fileto?],sub,ss,male,The National Archives,SP 31,SP 31/5 f. 52
864,346,Richard Michell,sub,ss,male,The National Archives,SP 31,SP 31/5 f. 52
865,346,Nathaniel Boures,sub,ss,male,The National Archives,SP 31,SP 31/5 f. 52
866,346,Edward Lewes,sub,ss,male,The National Archives,SP 31,SP 31/5 f. 52
867,346,Stephen Skiper,sub,ss,male,The National Archives,SP 31,SP 31/5 f. 52
868,346,William Michell,sub,ss,male,The National Archives,SP 31,SP 31/5 f. 52
869,346,Benjamin Skiner,sub,ss,male,The National Archives,SP 31,SP 31/5 f. 52
870,346,Raff Layfoord,sub,ss,male,The National Archives,SP 31,SP 31/5 f. 52
871,346,John Blowfield senior,sub,ss,male,The National Archives,SP 31,SP 31/5 f. 52
872,346,William Lewes,sub,ss,male,The National Archives,SP 31,SP 31/5 f. 52
873,346,John Weede,sub,ss,male,The National Archives,SP 31,SP 31/5 f. 52
874,346,Samuel Adkinson,sub,ss,male,The National Archives,SP 31,SP 31/5 f. 52
875,346,John Cockerell,sub,ss,male,The National Archives,SP 31,SP 31/5 f. 52
876,346,George [Larrit?],sub,ss,male,The National Archives,SP 31,SP 31/5 f. 52
877,346,John Wall,sub,ss,male,The National Archives,SP 31,SP 31/5 f. 52
878,346,John Blomfield junior,sub,ss,male,The National Archives,SP 31,SP 31/5 f. 52
879,346,Nathaniel Angier,sub,ss,male,The National Archives,SP 31,SP 31/5 f. 52
880,346,Thomas Sayer,sub,ss,male,The National Archives,SP 31,SP 31/5 f. 52
881,346,Lyonell Adkinson,sub,ss,male,The National Archives,SP 31,SP 31/5 f. 52
882,346,John Gilson,sub,ss,male,The National Archives,SP 31,SP 31/5 f. 52
883,346,William Baines,sub,ss,male,The National Archives,SP 31,SP 31/5 f. 52
884,346,John Baines,sub,ss,male,The National Archives,SP 31,SP 31/5 f. 52
885,346,John Parker senior,sub,ss,male,The National Archives,SP 31,SP 31/5 f. 52
886,346,John Parker junior,sub,ss,male,The National Archives,SP 31,SP 31/5 f. 52
887,346,Thomas Baines,sub,ss,male,The National Archives,SP 31,SP 31/5 f. 52
888,346,Joseph Baines,sub,ss,male,The National Archives,SP 31,SP 31/5 f. 52
889,346,John Crosse,sub,ss,male,The National Archives,SP 31,SP 31/5 f. 52
890,346,John Newman,sub,ss,male,The National Archives,SP 31,SP 31/5 f. 52
891,346,Thomas Houldin,sub,ss,male,The National Archives,SP 31,SP 31/5 f. 52
892,346,Thomas Firman,sub,ss,male,The National Archives,SP 31,SP 31/5 f. 52
893,346,Nathaniel Fisher,sub,ss,male,The National Archives,SP 31,SP 31/5 f. 52
894,346,John Croft,sub,ss,male,The National Archives,SP 31,SP 31/5 f. 52
895,346,Thomas Croft,sub,ss,male,The National Archives,SP 31,SP 31/5 f. 52
896,346,Robert Cockerell,sub,ss,male,The National Archives,SP 31,SP 31/5 f. 52
897,346,Samuel Smith,sub,ss,male,The National Archives,SP 31,SP 31/5 f. 52
898,346,Nicholas Freeman,sub,ss,male,The National Archives,SP 31,SP 31/5 f. 52
899,346,William Atkinson,sub,ss,male,The National Archives,SP 31,SP 31/5 f. 52
900,346,Thomas Matsome,sub,ss,male,The National Archives,SP 31,SP 31/5 f. 52
901,346,Samuel Baker,sub,ss,male,The National Archives,SP 31,SP 31/5 f. 52
902,346,John Diamond,sub,ss,male,The National Archives,SP 31,SP 31/5 f. 52
903,346,John Seaborne,sub,ss,male,The National Archives,SP 31,SP 31/5 f. 52
904,346,John Jennings,sub,ss,male,The National Archives,SP 31,SP 31/5 f. 52
905,346,Robert Mason,sub,ss,male,The National Archives,SP 31,SP 31/5 f. 52
906,346,John Smith,sub,ss,male,The National Archives,SP 31,SP 31/5 f. 52
907,346,William Smith,sub,ss,male,The National Archives,SP 31,SP 31/5 f. 52
908,346,Robert Smith,sub,ss,male,The National Archives,SP 31,SP 31/5 f. 52
909,346,Richard Houldin senior,sub,ss,male,The National Archives,SP 31,SP 31/5 f. 52
910,346,Richard Houldin junior,sub,ss,male,The National Archives,SP 31,SP 31/5 f. 52
911,346,John Houldin,sub,ss,male,The National Archives,SP 31,SP 31/5 f. 52
912,346,Steven [Ham?],sub,ss,male,The National Archives,SP 31,SP 31/5 f. 52
913,346,Edmund Weed,sub,ss,male,The National Archives,SP 31,SP 31/5 f. 52
914,346,Robert Alderton,sub,ss,male,The National Archives,SP 31,SP 31/5 f. 52
915,346,Elias Wrinch,sub,ss,male,The National Archives,SP 31,SP 31/5 f. 52
916,346,John Salmon junior,sub,ss,male,The National Archives,SP 31,SP 31/5 f. 52
917,346,Elias Wrench senior,sub,ss,male,The National Archives,SP 31,SP 31/5 f. 52
918,346,Thomas Colle,sub,ss,male,The National Archives,SP 31,SP 31/5 f. 52
919,346,Samuel Webb,sub,ss,male,The National Archives,SP 31,SP 31/5 f. 52
920,350,Francis Price,petr,ss,male,The National Archives,SP 31,SP 31/3 f. 42
921,347,Robert Sheppard,sub,sig,male,The National Archives,SP 31,SP 31/3 f. 122
922,347,Richard Stokes,sub,sig,male,The National Archives,SP 31,SP 31/3 f. 122
923,347,William Haward,sub,sig,male,The National Archives,SP 31,SP 31/3 f. 122
924,347,Henry Brookes,sub,sig,male,The National Archives,SP 31,SP 31/3 f. 122
925,347,John Norman,sub,sig,male,The National Archives,SP 31,SP 31/3 f. 122
926,347,[Arthur Esmead?],sub,sig,male,The National Archives,SP 31,SP 31/3 f. 122
927,347,John Cale,sub,sig,male,The National Archives,SP 31,SP 31/3 f. 122
928,347,Thomas Fowler,sub,sig,male,The National Archives,SP 31,SP 31/3 f. 122
929,347,Anne Nutt,sub,sig,female,The National Archives,SP 31,SP 31/3 f. 122
930,347,Robert Norman,sub,sig,male,The National Archives,SP 31,SP 31/3 f. 122
931,347,John Norman,sub,sig,male,The National Archives,SP 31,SP 31/3 f. 122
932,347,John Goddard,sub,sig,male,The National Archives,SP 31,SP 31/3 f. 122
933,347,James Cook,sub,sig,male,The National Archives,SP 31,SP 31/3 f. 122
934,347,Walter Forman,sub,sig,male,The National Archives,SP 31,SP 31/3 f. 122
935,347,Joseph Simpkins,sub,sig,male,The National Archives,SP 31,SP 31/3 f. 122
936,347,Elizabeth Jhonson,sub,sig,female,The National Archives,SP 31,SP 31/3 f. 122
937,347,Samuel Bourn,sub,sig,male,The National Archives,SP 31,SP 31/3 f. 122
938,347,Gabriell Langrish,sub,sig,male,The National Archives,SP 31,SP 31/3 f. 122
939,347,Robert Norman,sub,sig,male,The National Archives,SP 31,SP 31/3 f. 122
940,347,William Baily,sub,sig,male,The National Archives,SP 31,SP 31/3 f. 122
941,347,Walter [Nichole?],sub,sig,male,The National Archives,SP 31,SP 31/3 f. 122
942,347,Richard Forman,sub,sig,male,The National Archives,SP 31,SP 31/3 f. 122
943,347,Samuell Stephens,sub,sig,male,The National Archives,SP 31,SP 31/3 f. 122
944,347,Christopher Pearce,sub,sig,male,The National Archives,SP 31,SP 31/3 f. 122
945,347,William Langton,sub,sig,male,The National Archives,SP 31,SP 31/3 f. 122
946,347,Isrell Noyes,sub,sig,unknown,The National Archives,SP 31,SP 31/3 f. 122
947,347,Edward Slade,sub,sig,male,The National Archives,SP 31,SP 31/3 f. 122
948,347,Ann [Ska...?],sub,sig,female,The National Archives,SP 31,SP 31/3 f. 122
949,347,Arthur Robins,sub,sig,male,The National Archives,SP 31,SP 31/3 f. 122
950,347,Edward Hawkins,sub,sig,male,The National Archives,SP 31,SP 31/3 f. 122
951,347,Humfrey [Tonnson?],sub,sig,male,The National Archives,SP 31,SP 31/3 f. 122
952,347,Robert Buchatt,sub,sig,male,The National Archives,SP 31,SP 31/3 f. 122
953,347,[Honry?] Boare,sub,sig,male,The National Archives,SP 31,SP 31/3 f. 122
954,347,John Bishap,sub,sig,male,The National Archives,SP 31,SP 31/3 f. 122
955,348,Walter Grubbe,sub,sig,male,The National Archives,SP 31,SP 31/3 f. 124
956,348,Jonathan Rogers,sub,sig,male,The National Archives,SP 31,SP 31/3 f. 124
957,348,Henry Rogers,sub,sig,male,The National Archives,SP 31,SP 31/3 f. 124
958,348,Robert [Maundrell?],sub,sig,male,The National Archives,SP 31,SP 31/3 f. 124
959,349,Jean Douglas,petr,,female,The National Archives,SP 31,SP 31/3 f. 153
960,353,Thomas Symondes,petr,,male,The National Archives,SP 31,SP 31/4 f. 36
961,352,Robert Dillington baronet,petr,,male,The National Archives,SP 31,SP 31/4 f. 265
962,352,John Leigh,petr,,male,The National Archives,SP 31,SP 31/4 f. 265
963,352,Edward Dillington esquier,petr,,male,The National Archives,SP 31,SP 31/4 f. 265
964,352,Harrington Dingley esquie,petr,,male,The National Archives,SP 31,SP 31/4 f. 265
965,352,Richard Knight gentleman,petr,,male,The National Archives,SP 31,SP 31/4 f. 265
966,356,John Warren of Grayes Inn,petr,,male,The National Archives,SP 32,SP 32/1 f. 42
967,357,John Clapp,petr,,male,The National Archives,SP 32,SP 32/1 f. 97
968,357,Joseph Pitts,petr,,male,The National Archives,SP 32,SP 32/1 f. 97
969,357,John Gould,petr,,male,The National Archives,SP 32,SP 32/1 f. 97
970,357,Daniell Cleaveland,petr,,male,The National Archives,SP 32,SP 32/1 f. 97
971,357,Nathaniell Smith,petr,,male,The National Archives,SP 32,SP 32/1 f. 97
972,355,Patrick Macdonnell gentle,petr,sig,male,The National Archives,SP 32,SP 32/1 f. 278
973,355,Owen Bannahan late quarte,petr,sig,male,The National Archives,SP 32,SP 32/1 f. 278
974,358,George Howse gentleman,petr,,male,The National Archives,SP 32,SP 32/2 f. 4
975,362,Michaell Huitt,petr,,male,The National Archives,SP 8,SP 8/8 f. 30
976,359,John Temple,petr,,male,The National Archives,SP 32,SP 32/14 f. 35
977,359,Thomas Temple owners of t,petr,,male,The National Archives,SP 32,SP 32/14 f. 35
978,361,Robert Gorges doctor off,petr,,male,The National Archives,SP 63,SP 63/352 f. 112
979,363,Thomas Gallentine merchan,petr,,male,The National Archives,PC 1,PC 1/1 f. 21
980,365,William Fuller gentleman,petr,sig,male,The National Archives,SP 32,SP 32/4 f. 26
981,364,Robert Maynwaring,petr,,male,The National Archives,SP 32,SP 32/4 f. 196
982,364,Robert Levingston,petr,,male,The National Archives,SP 32,SP 32/4 f. 196
983,364,Daniel Donn,petr,,male,The National Archives,SP 32,SP 32/4 f. 196
984,364,Edward Errington,petr,sig,male,The National Archives,SP 32,SP 32/4 f. 196
985,364,Gilbert Wye poor or almes,petr,,male,The National Archives,SP 32,SP 32/4 f. 196
986,367,John Weale master of the,petr,,male,The National Archives,SP 32,SP 32/5 f. 1
987,368,John Mitchell captain of,petr,,male,The National Archives,SP 32,SP 32/5 f. 20
988,369,James Corry esquire,petr,,male,The National Archives,SP 63,SP 63/355 f. 321
989,370,Robert Mackarrell merchan,petr,,male,The National Archives,SP 63,SP 63/356 f. 140
990,372,Thomas Hacket knight,petr,ss,male,The National Archives,SP 63,SP 63/357 f. 152
991,372,Dudly Colclough,petr,ss,male,The National Archives,SP 63,SP 63/357 f. 152
992,372,Gregory Byrne,sub,ss,male,The National Archives,SP 63,SP 63/357 f. 152
993,372,Francis Coghlan,sub,ss,male,The National Archives,SP 63,SP 63/357 f. 152
994,372,[Garr?] Moore,sub,ss,unknown,The National Archives,SP 63,SP 63/357 f. 152
995,372,Walter Buttler,sub,ss,male,The National Archives,SP 63,SP 63/357 f. 152
996,372,Edmond Nugent,sub,ss,male,The National Archives,SP 63,SP 63/357 f. 152
997,372,[Robert?] Cusack,sub,ss,male,The National Archives,SP 63,SP 63/357 f. 152
998,372,H: [Netterril?],sub,ss,unknown,The National Archives,SP 63,SP 63/357 f. 152
999,372,Maurice Bremingham,sub,ss,male,The National Archives,SP 63,SP 63/357 f. 152
1000,372,Patrick [Bellas?],sub,ss,male,The National Archives,SP 63,SP 63/357 f. 152
1001,372,John Coghlan,sub,ss,male,The National Archives,SP 63,SP 63/357 f. 152
1002,372,Christopher Pippard,sub,ss,male,The National Archives,SP 63,SP 63/357 f. 152
1003,372,Thomas Warren,sub,ss,male,The National Archives,SP 63,SP 63/357 f. 152
1004,373,Connour O Bryan,petr,,male,The National Archives,SP 63,SP 63/357 f. 190
1005,374,Conor O Brien,petr,sig,male,The National Archives,SP 63,SP 63/357 f. 192
1006,375,Shadrack Cooke,petr,ss,male,The National Archives,PC 1,PC 1/1 f. 32
1007,375,William Snatt clerks pris,petr,ss,male,The National Archives,PC 1,PC 1/1 f. 32
1008,377,unnamed_male Mountgomery,petr,,male,The National Archives,SP 32,SP 32/6 f. 165
1009,378,Sarah Heywood,petr,,female,The National Archives,SP 32,SP 32/6 f. 206
1010,376,Edward Smith,sub,sig,male,The National Archives,SP 32,SP 32/13 f. 216
1011,376,E Smith,sub,sig,unknown,The National Archives,SP 32,SP 32/13 f. 216
1012,376,John Wollaston,sub,sig,male,The National Archives,SP 32,SP 32/13 f. 216
1013,376,Nathaniel Wrighte,sub,sig,male,The National Archives,SP 32,SP 32/13 f. 216
1014,376,John Roberts mayor,sub,sig,male,The National Archives,SP 32,SP 32/13 f. 216
1015,376,William Southwell,sub,sig,male,The National Archives,SP 32,SP 32/13 f. 216
1016,376,John Goodall,sub,sig,male,The National Archives,SP 32,SP 32/13 f. 216
1017,376,Edmund Johnson,sub,sig,male,The National Archives,SP 32,SP 32/13 f. 216
1018,376,John Brokesby,sub,sig,male,The National Archives,SP 32,SP 32/13 f. 216
1019,379,Michael Schade master mar,petr,,male,The National Archives,SP 32,SP 32/8 f. 262
1020,380,Peter Crop master of the,petr,ss,male,The National Archives,SP 32,SP 32/8 f. 265
1021,380,Samuell Hagon master of t,petr,ss,male,The National Archives,SP 32,SP 32/8 f. 265
1022,380,Samuell Duersly master of,petr,,male,The National Archives,SP 32,SP 32/8 f. 265
1023,380,Daniell Smailes master of,petr,,male,The National Archives,SP 32,SP 32/8 f. 265
1024,380,John Russell of the Fortu,petr,,male,The National Archives,SP 32,SP 32/8 f. 265
1025,380,William Hill master of th,petr,,male,The National Archives,SP 32,SP 32/8 f. 265
1026,381,Edmund Soame esquire,petr,ss,male,The National Archives,SP 32,SP 32/10 f. 363
1027,382,James Vincent,petr,,male,The National Archives,SP 32,SP 32/11 f. 4
1028,383,John Martin of the citty,petr,,male,The National Archives,SP 32,SP 32/13 f. 240
1029,384,Samuel Shepheard,petr,,male,The National Archives,SP 32,SP 32/11 f. 257
1030,384,Gilbert Heathcote,petr,,male,The National Archives,SP 32,SP 32/11 f. 257
1031,384,Henry Tate,petr,,male,The National Archives,SP 32,SP 32/11 f. 257
1032,385,John Haynes,petr,,male,The National Archives,SP 32,SP 32/11 f. 284
1033,386,Andrew Clifford,petr,,male,The National Archives,SP 32,SP 32/13 f. 243
1034,386,Jeronimy Clifford of Lond,petr,,male,The National Archives,SP 32,SP 32/13 f. 243
1035,387,James Plunckett of Castle,petr,,male,The National Archives,SP 63,SP 63/360 f. 54
